Date,New_Sentiment,Close
2014-01-02,0.06,25.88
2014-01-03,-0.1,25.88
2014-01-04,-2.775557561562892e-17,25.88
2014-01-07,-0.19,25.78
2014-01-08,-0.1,25.78
2014-01-09,0.0699999999999999,25.78
2014-01-10,0.06,25.78
2014-01-11,-0.03,25.78
2014-01-13,-0.13,25.75
2014-01-14,-0.32,25.75
2014-01-15,-0.1699999999999999,25.75
2014-01-16,-0.0099999999999999,25.75
2014-01-17,0.29,25.75
2014-01-18,0.16,25.75
2014-01-20,0.0299999999999999,25.75
2014-01-21,0.0699999999999999,25.75
2014-01-22,-6.938893903907228e-18,25.75
2014-01-23,0.08,25.75
2014-01-24,0.26,25.75
2014-01-25,0.35,25.75
2014-01-27,0.3399999999999999,25.53
2014-01-28,0.2299999999999999,25.53
2014-01-29,0.1699999999999999,25.6
2014-01-30,0.2399999999999999,25.6
2014-01-31,0.0799999999999998,25.85
2014-02-01,0.2399999999999999,25.85
2014-02-03,0.2199999999999999,25.32
2014-02-04,0.41,25.49
2014-02-05,0.5900000000000001,25.76
2014-02-06,0.37,25.76
2014-02-07,0.56,26.06
2014-02-08,0.43,26.06
2014-02-11,0.41,26.06
2014-02-12,0.4,26.27
2014-02-13,0.38,26.51
2014-02-14,0.4800000000000001,26.53
2014-02-15,0.4600000000000001,26.53
2014-02-18,0.3500000000000001,26.53
2014-02-19,0.2200000000000001,26.84
2014-02-20,0.2000000000000001,26.81
2014-02-21,0.1500000000000001,26.99
2014-02-22,0.2300000000000001,26.99
2014-02-25,0.11,26.9
2014-02-26,0.09,26.9
2014-02-27,0.09,26.8
2014-02-28,-0.0799999999999999,26.95
2014-03-01,-0.0699999999999999,26.95
2014-03-04,7.63278329429795e-17,26.95
2014-03-05,-0.0799999999999999,27.09
2014-03-06,-0.0699999999999999,27.05
2014-03-07,-0.0099999999999999,27.31
2014-03-08,-0.1699999999999999,27.31
2014-03-10,-0.0699999999999999,27.31
2014-03-11,-0.0399999999999998,27.2
2014-03-12,-0.2199999999999999,27.2
2014-03-13,-0.2799999999999999,27.2
2014-03-14,-0.1399999999999999,26.97
2014-03-15,0.0600000000000001,26.97
2014-03-18,0.0600000000000001,26.97
2014-03-19,-0.0199999999999998,27.47
2014-03-20,-0.0999999999999999,27.47
2014-03-21,-0.0399999999999998,27.79
2014-03-22,0.1300000000000001,27.79
2014-03-24,0.1200000000000001,27.79
2014-03-25,0.1700000000000001,27.79
2014-03-26,0.2400000000000001,27.79
2014-03-27,0.0200000000000001,27.79
2014-03-28,-0.0399999999999998,28.16
2014-03-29,-0.0199999999999998,28.16
2014-03-31,1.6653345369377348e-16,28.5
2014-04-01,0.2500000000000002,28.5
2014-04-02,0.3200000000000002,28.71
2014-04-03,0.2900000000000001,28.9
2014-04-04,0.3900000000000001,29.0
2014-04-05,0.2700000000000001,29.0
2014-04-08,0.3700000000000001,28.8
2014-04-09,0.55,28.8
2014-04-10,0.49,28.8
2014-04-11,0.5900000000000001,29.26
2014-04-12,0.68,29.26
2014-04-14,0.76,29.45
2014-04-15,0.83,29.65
2014-04-16,1.1,29.65
2014-04-17,1.09,30.0
2014-04-18,1.0599999999999998,30.0
2014-04-19,1.0199999999999998,30.0
2014-04-22,0.9999999999999998,30.0
2014-04-23,0.98,30.5
2014-04-24,0.8199999999999998,30.48
2014-04-25,0.6899999999999998,30.05
2014-04-26,0.5299999999999998,30.05
2014-04-29,0.4099999999999998,30.05
2014-04-30,0.3499999999999998,30.34
2014-05-01,0.6399999999999999,30.3
2014-05-02,0.8199999999999998,30.29
2014-05-03,1.0199999999999998,30.29
2014-05-05,0.9899999999999998,30.29
2014-05-06,0.96,30.29
2014-05-07,0.9399999999999998,30.43
2014-05-08,1.0899999999999996,30.43
2014-05-09,1.1599999999999997,29.74
2014-05-10,1.2299999999999995,29.74
2014-05-13,1.2199999999999995,29.74
2014-05-14,1.8799999999999997,30.3
2014-05-15,1.8399999999999996,29.85
2014-05-16,1.6999999999999995,29.85
2014-05-17,1.3799999999999994,29.85
2014-05-20,1.4699999999999993,29.85
2014-05-21,1.5499999999999992,29.83
2014-05-22,1.719999999999999,29.83
2014-05-23,1.989999999999999,30.14
2014-05-24,1.859999999999999,30.14
2014-05-26,1.849999999999999,30.19
2014-05-27,1.809999999999999,30.19
2014-05-28,1.6699999999999988,29.86
2014-05-29,1.8699999999999988,29.86
2014-05-30,1.839999999999999,29.86
2014-05-31,1.7999999999999992,29.86
2014-06-02,1.7799999999999991,30.35
2014-06-03,1.449999999999999,30.35
2014-06-04,1.3399999999999992,30.79
2014-06-05,1.4299999999999993,30.79
2014-06-06,1.2999999999999994,30.92
2014-06-07,1.2999999999999994,30.92
2014-06-09,1.2799999999999994,30.93
2014-06-10,1.0699999999999994,30.93
2014-06-11,1.1399999999999997,30.93
2014-06-12,1.1999999999999995,30.93
2014-06-13,1.3799999999999994,32.43
2014-06-14,1.4599999999999993,32.43
2014-06-16,1.4499999999999993,32.67
2014-06-17,1.5299999999999991,32.39
2014-06-18,1.8599999999999992,32.41
2014-06-19,1.709999999999999,32.35
2014-06-20,1.859999999999999,32.46
2014-06-21,1.849999999999999,32.46
2014-06-23,1.749999999999999,32.46
2014-06-24,1.7399999999999989,31.77
2014-06-25,1.439999999999999,31.84
2014-06-26,1.519999999999999,31.84
2014-06-27,1.4899999999999989,31.84
2014-06-28,1.4799999999999989,31.84
2014-07-02,1.4499999999999988,32.34
2014-07-03,1.5399999999999987,32.25
2014-07-04,1.5899999999999983,32.25
2014-07-05,1.4699999999999984,32.25
2014-07-07,1.3699999999999983,31.81
2014-07-08,1.3499999999999983,31.73
2014-07-09,1.3299999999999983,31.73
2014-07-10,1.3899999999999983,31.28
2014-07-11,1.2699999999999985,31.12
2014-07-12,0.9599999999999984,31.12
2014-07-15,1.1499999999999984,30.44
2014-07-16,1.0099999999999982,30.93
2014-07-17,0.7899999999999983,31.0
2014-07-18,0.8799999999999982,31.0
2014-07-19,0.7499999999999982,31.0
2014-07-22,0.8299999999999982,31.0
2014-07-23,0.9199999999999982,31.3
2014-07-24,0.8099999999999982,31.5
2014-07-25,0.9999999999999982,31.4
2014-07-26,0.9899999999999982,31.4
2014-07-28,0.9699999999999982,31.2
2014-07-29,1.039999999999998,31.16
2014-07-30,0.989999999999998,31.23
2014-07-31,0.779999999999998,30.7
2014-08-01,0.579999999999998,30.15
2014-08-02,0.759999999999998,30.15
2014-08-06,0.719999999999998,30.15
2014-08-07,0.7899999999999979,29.76
2014-08-08,0.6699999999999979,29.76
2014-08-09,0.7299999999999979,29.76
2014-08-11,0.6299999999999979,29.76
2014-08-12,0.7299999999999979,29.76
2014-08-13,0.929999999999998,30.1
2014-08-14,1.109999999999998,30.05
2014-08-15,0.969999999999998,30.06
2014-08-16,1.029999999999998,30.06
2014-08-18,1.129999999999998,29.78
2014-08-19,1.2099999999999982,29.78
2014-08-20,1.3099999999999985,30.57
2014-08-21,1.4999999999999982,30.57
2014-08-22,1.3799999999999983,30.57
2014-08-23,1.2699999999999985,30.57
2014-08-25,1.2599999999999985,30.89
2014-08-26,1.1399999999999983,31.18
2014-08-27,1.4199999999999984,31.21
2014-08-28,1.2399999999999984,31.08
2014-08-29,1.1999999999999984,31.44
2014-08-30,0.9699999999999984,31.44
2014-09-02,1.0599999999999985,31.06
2014-09-03,1.0299999999999985,30.92
2014-09-04,0.9999999999999984,30.77
2014-09-05,1.0599999999999985,30.77
2014-09-06,1.1099999999999983,30.77
2014-09-08,1.0999999999999983,30.06
2014-09-09,1.0899999999999983,30.19
2014-09-10,1.0599999999999985,30.0
2014-09-11,1.1999999999999982,30.12
2014-09-12,1.299999999999998,29.98
2014-09-13,1.169999999999998,29.98
2014-09-16,1.129999999999998,30.39
2014-09-17,1.2899999999999978,29.85
2014-09-18,1.2699999999999978,29.64
2014-09-19,1.2399999999999978,29.04
2014-09-20,1.3199999999999978,29.04
2014-09-23,1.3899999999999977,28.67
2014-09-24,1.4599999999999975,28.42
2014-09-25,1.3099999999999974,28.22
2014-09-26,1.1999999999999973,28.48
2014-09-27,1.3599999999999972,28.48
2014-09-29,1.2499999999999971,28.67
2014-09-30,1.3399999999999972,28.41
2014-10-01,1.0099999999999971,27.83
2014-10-02,0.9799999999999972,27.61
2014-10-03,0.9599999999999972,27.49
2014-10-04,0.9199999999999972,27.49
2014-10-06,1.0099999999999971,27.29
2014-10-07,0.9999999999999972,26.82
2014-10-08,0.8899999999999972,26.47
2014-10-09,0.8599999999999972,25.77
2014-10-10,0.8199999999999972,25.73
2014-10-11,0.7899999999999971,25.73
2014-10-14,0.8699999999999971,24.39
2014-10-15,0.639999999999997,24.05
2014-10-16,0.719999999999997,25.05
2014-10-17,0.789999999999997,25.35
2014-10-18,0.4599999999999971,25.35
2014-10-20,0.3499999999999971,25.42
2014-10-21,0.3399999999999971,25.92
2014-10-22,0.0799999999999971,25.3
2014-10-23,0.3599999999999971,25.77
2014-10-24,0.209999999999997,25.44
2014-10-25,0.099999999999997,25.44
2014-10-27,0.019999999999997,24.72
2014-10-28,0.109999999999997,25.1
2014-10-29,-0.240000000000003,25.22
2014-10-30,-0.3200000000000029,24.86
2014-10-31,-0.2000000000000029,25.18
2014-11-01,-0.0700000000000029,25.18
2014-11-03,-0.0600000000000029,24.75
2014-11-04,0.119999999999997,23.72
2014-11-05,-2.9282132274488504e-15,24.38
2014-11-06,-0.0700000000000029,24.6
2014-11-07,-0.270000000000003,25.54
2014-11-08,-0.560000000000003,25.54
2014-11-10,-0.550000000000003,25.22
2014-11-12,-0.430000000000003,25.52
2014-11-13,-0.4900000000000031,25.37
2014-11-14,-0.370000000000003,24.95
2014-11-15,-0.230000000000003,24.95
2014-11-17,-0.330000000000003,25.1
2014-11-18,-0.100000000000003,24.99
2014-11-19,0.029999999999997,24.99
2014-11-20,0.119999999999997,24.99
2014-11-21,-0.0600000000000029,25.85
2014-11-22,-0.0300000000000029,25.85
2014-11-24,-0.230000000000003,25.32
2014-11-25,-0.410000000000003,25.25
2014-11-26,-0.5900000000000031,24.7
2014-11-27,-0.7400000000000031,22.9
2014-11-28,-0.620000000000003,22.53
2014-11-29,-0.8000000000000029,22.53
2014-12-01,-0.700000000000003,21.91
2014-12-02,-1.280000000000003,22.33
2014-12-03,-1.4500000000000028,22.53
2014-12-04,-1.330000000000003,21.43
2014-12-05,-1.4000000000000028,21.41
2014-12-06,-1.780000000000003,21.41
2014-12-08,-1.9800000000000029,20.05
2014-12-09,-2.160000000000003,20.23
2014-12-10,-2.290000000000003,19.12
2014-12-11,-2.370000000000003,19.13
2014-12-12,-2.2400000000000038,18.97
2014-12-13,-2.510000000000004,18.97
2014-12-15,-2.410000000000004,18.67
2014-12-16,-2.480000000000004,19.86
2014-12-17,-2.450000000000004,21.16
2014-12-18,-2.430000000000004,21.42
2014-12-19,-2.330000000000004,22.28
2014-12-20,-2.580000000000004,22.28
2014-12-23,-2.880000000000004,22.1
2014-12-24,-2.950000000000004,21.99
2014-12-26,-3.1300000000000043,21.99
2014-12-27,-3.2200000000000046,21.99
2014-12-30,-3.4900000000000047,21.83
2014-12-31,-3.670000000000005,21.52
2015-01-02,-3.7600000000000047,21.52
2015-01-03,-4.030000000000005,21.52
2015-01-05,-4.130000000000004,20.58
2015-01-06,-4.420000000000005,20.18
2015-01-07,-4.800000000000006,20.14
2015-01-08,-5.100000000000006,20.34
2015-01-09,-4.870000000000005,20.42
2015-01-10,-5.330000000000005,20.42
2015-01-13,-5.320000000000006,19.44
2015-01-14,-5.4100000000000055,19.8
2015-01-15,-5.500000000000005,19.8
2015-01-16,-5.780000000000006,20.97
2015-01-17,-5.750000000000005,20.97
2015-01-19,-5.840000000000006,20.63
2015-01-20,-5.890000000000007,20.13
2015-01-21,-6.070000000000007,20.81
2015-01-22,-6.250000000000008,20.76
2015-01-23,-6.730000000000009,21.22
2015-01-24,-7.13000000000001,21.22
2015-01-26,-7.32000000000001,21.43
2015-01-27,-7.51000000000001,21.4
2015-01-28,-7.890000000000011,20.52
2015-01-29,-7.970000000000012,20.21
2015-01-30,-8.660000000000013,21.19
2015-01-31,-9.160000000000013,21.19
2015-02-02,-9.150000000000013,22.06
2015-02-03,-9.230000000000013,23.05
2015-02-04,-9.500000000000014,22.11
2015-02-05,-9.670000000000014,22.45
2015-02-06,-9.430000000000014,22.71
2015-02-07,-9.500000000000014,22.71
2015-02-09,-9.490000000000014,23.2
2015-02-10,-9.490000000000014,22.56
2015-02-11,-9.370000000000015,22.67
2015-02-12,-9.560000000000016,22.99
2015-02-13,-9.860000000000015,23.07
2015-02-14,-9.640000000000017,23.07
2015-02-17,-9.630000000000017,22.95
2015-02-18,-9.830000000000016,22.57
2015-02-19,-9.900000000000016,22.24
2015-02-20,-10.000000000000018,22.29
2015-02-21,-10.070000000000018,22.29
2015-02-24,-10.25000000000002,22.36
2015-02-25,-10.320000000000022,22.22
2015-02-26,-10.510000000000025,21.98
2015-02-27,-10.390000000000024,21.86
2015-02-28,-10.550000000000026,21.86
2015-03-02,-10.440000000000026,21.73
2015-03-03,-10.420000000000028,21.93
2015-03-04,-10.710000000000027,21.55
2015-03-05,-10.210000000000027,21.89
2015-03-06,-10.310000000000027,21.45
2015-03-07,-10.100000000000028,21.45
2015-03-09,-10.200000000000028,21.04
2015-03-10,-10.390000000000027,20.72
2015-03-11,-10.340000000000028,21.06
2015-03-12,-10.400000000000029,20.9
2015-03-13,-10.980000000000029,20.54
2015-03-14,-11.060000000000027,20.54
2015-03-17,-11.430000000000028,20.49
2015-03-18,-11.320000000000029,21.25
2015-03-19,-11.30000000000003,20.76
2015-03-20,-11.58000000000003,20.96
2015-03-21,-11.770000000000032,20.96
2015-03-23,-11.860000000000031,21.15
2015-03-24,-11.940000000000031,21.32
2015-03-25,-11.72000000000003,21.41
2015-03-26,-11.600000000000032,21.5
2015-03-27,-11.490000000000032,21.48
2015-03-28,-11.980000000000032,21.48
2015-03-31,-12.070000000000032,21.5
2015-04-01,-12.230000000000034,21.72
2015-04-02,-12.420000000000034,22.02
2015-04-03,-12.410000000000034,22.02
2015-04-04,-12.400000000000034,22.02
2015-04-07,-12.490000000000034,22.85
2015-04-08,-12.540000000000031,22.49
2015-04-09,-12.730000000000034,22.66
2015-04-10,-12.610000000000037,22.81
2015-04-11,-12.440000000000037,22.81
2015-04-13,-12.530000000000037,22.82
2015-04-14,-12.520000000000037,23.23
2015-04-15,-12.410000000000034,23.94
2015-04-16,-12.410000000000034,23.71
2015-04-17,-12.290000000000031,23.69
2015-04-18,-12.270000000000032,23.69
2015-04-20,-12.170000000000034,23.75
2015-04-21,-12.030000000000037,23.37
2015-04-22,-11.820000000000034,23.47
2015-04-23,-11.610000000000031,23.75
2015-04-24,-11.600000000000032,23.75
2015-04-25,-11.850000000000032,23.75
2015-04-27,-11.940000000000031,23.84
2015-04-28,-12.220000000000034,23.2
2015-04-29,-11.810000000000034,23.49
2015-04-30,-11.790000000000036,23.5
2015-05-01,-12.060000000000036,23.5
2015-05-02,-12.060000000000036,23.5
2015-05-04,-12.050000000000036,23.42
2015-05-05,-11.940000000000037,23.3
2015-05-06,-11.910000000000036,22.49
2015-05-07,-11.650000000000038,22.39
2015-05-08,-11.85000000000004,22.39
2015-05-09,-11.92000000000004,22.39
2015-05-11,-11.91000000000004,22.39
2015-05-12,-11.90000000000004,22.23
2015-05-13,-11.97000000000004,22.06
2015-05-14,-11.840000000000042,22.06
2015-05-15,-11.940000000000044,21.76
2015-05-16,-12.030000000000044,21.76
2015-05-19,-12.220000000000043,21.76
2015-05-20,-12.220000000000043,21.83
2015-05-21,-12.010000000000042,22.26
2015-05-22,-11.680000000000042,22.26
2015-05-23,-11.770000000000042,22.26
2015-05-25,-11.670000000000044,22.16
2015-05-26,-11.870000000000044,21.76
2015-05-27,-11.940000000000046,21.69
2015-05-28,-12.020000000000048,21.69
2015-05-29,-12.300000000000049,21.79
2015-05-30,-12.46000000000005,21.79
2015-06-01,-12.45000000000005,21.7
2015-06-02,-12.320000000000052,21.7
2015-06-03,-12.610000000000053,21.94
2015-06-04,-12.870000000000054,21.37
2015-06-05,-12.840000000000057,21.37
2015-06-06,-12.910000000000055,21.37
2015-06-09,-12.780000000000056,21.27
2015-06-10,-12.570000000000055,21.6
2015-06-11,-12.560000000000056,21.46
2015-06-12,-12.630000000000056,21.26
2015-06-13,-12.610000000000056,21.26
2015-06-16,-12.910000000000055,21.26
2015-06-17,-13.200000000000058,21.26
2015-06-18,-13.270000000000058,21.26
2015-06-19,-13.17000000000006,21.26
2015-06-20,-13.37000000000006,21.26
2015-06-23,-13.66000000000006,20.97
2015-06-24,-13.76000000000006,21.38
2015-06-25,-13.56000000000006,21.38
2015-06-26,-13.29000000000006,20.76
2015-06-27,-13.060000000000064,20.76
2015-06-30,-12.930000000000064,20.43
2015-07-02,-13.010000000000064,20.43
2015-07-03,-13.100000000000064,20.37
2015-07-04,-13.090000000000064,20.37
2015-07-06,-12.990000000000064,20.14
2015-07-07,-13.190000000000063,20.24
2015-07-08,-12.790000000000065,19.79
2015-07-09,-12.860000000000063,19.79
2015-07-10,-12.940000000000063,19.43
2015-07-11,-12.910000000000066,19.43
2015-07-14,-12.890000000000066,19.43
2015-07-15,-12.930000000000064,19.5
2015-07-16,-13.130000000000068,19.5
2015-07-17,-13.180000000000064,19.11
2015-07-18,-13.230000000000064,19.11
2015-07-20,-13.220000000000065,18.49
2015-07-21,-12.880000000000065,18.55
2015-07-22,-13.060000000000066,18.26
2015-07-23,-13.110000000000063,18.2
2015-07-24,-13.110000000000063,17.85
2015-07-25,-13.290000000000068,17.85
2015-07-27,-13.280000000000069,17.38
2015-07-28,-13.350000000000067,17.69
2015-07-29,-13.530000000000069,17.69
2015-07-30,-13.630000000000068,18.56
2015-07-31,-13.90000000000007,18.65
2015-08-01,-13.77000000000007,18.65
2015-08-04,-13.660000000000071,18.51
2015-08-05,-13.46000000000007,18.39
2015-08-06,-13.54000000000007,18.39
2015-08-07,-13.730000000000071,18.41
2015-08-08,-13.990000000000071,18.41
2015-08-11,-14.280000000000074,18.45
2015-08-12,-14.350000000000076,18.7
2015-08-13,-14.600000000000076,18.05
2015-08-14,-14.990000000000077,18.06
2015-08-15,-15.220000000000075,18.06
2015-08-17,-15.210000000000075,18.25
2015-08-18,-15.410000000000077,17.51
2015-08-19,-15.500000000000076,16.99
2015-08-20,-15.490000000000077,16.71
2015-08-21,-15.770000000000078,16.15
2015-08-22,-15.650000000000077,16.15
2015-08-25,-15.840000000000076,16.02
2015-08-26,-16.100000000000076,16.08
2015-08-27,-16.070000000000075,17.19
2015-08-28,-16.150000000000077,17.64
2015-08-29,-16.220000000000073,17.64
2015-08-31,-16.11000000000007,18.25
2015-09-01,-16.200000000000067,17.47
2015-09-02,-16.090000000000067,17.31
2015-09-03,-16.15000000000007,17.31
2015-09-04,-16.320000000000068,17.31
2015-09-05,-16.40000000000007,17.31
2015-09-08,-16.390000000000068,17.23
2015-09-09,-16.470000000000066,17.21
2015-09-10,-16.440000000000065,17.21
2015-09-11,-16.510000000000066,17.21
2015-09-12,-16.890000000000065,17.21
2015-09-15,-16.830000000000066,17.21
2015-09-16,-17.000000000000064,16.72
2015-09-17,-16.960000000000065,17.15
2015-09-18,-17.400000000000066,17.15
2015-09-19,-17.250000000000068,17.15
2015-09-22,-17.430000000000067,17.12
2015-09-23,-17.390000000000068,16.7
2015-09-24,-17.85000000000007,16.73
2015-09-25,-18.12000000000007,16.77
2015-09-26,-18.410000000000064,16.77
2015-09-28,-18.290000000000063,16.43
2015-09-29,-18.060000000000063,16.43
2015-09-30,-17.840000000000064,16.58
2015-10-01,-17.840000000000064,16.58
2015-10-02,-17.700000000000063,16.58
2015-10-03,-17.770000000000064,16.58
2015-10-05,-17.760000000000062,17.66
2015-10-06,-17.95000000000006,18.21
2015-10-07,-18.20000000000006,18.93
2015-10-08,-18.18000000000006,19.13
2015-10-09,-18.12000000000006,19.69
2015-10-10,-18.100000000000065,19.69
2015-10-13,-17.97000000000006,19.69
2015-10-14,-17.960000000000058,19.05
2015-10-15,-17.960000000000058,19.05
2015-10-16,-18.03000000000005,19.05
2015-10-17,-18.020000000000053,19.05
2015-10-20,-18.19000000000005,19.05
2015-10-21,-18.280000000000047,18.38
2015-10-22,-18.36000000000005,18.52
2015-10-23,-18.450000000000045,18.34
2015-10-24,-18.43000000000005,18.34
2015-10-26,-18.420000000000044,17.88
2015-10-27,-18.50000000000005,17.43
2015-10-28,-18.170000000000044,17.79
2015-10-29,-18.350000000000044,18.19
2015-10-30,-18.640000000000043,18.05
2015-10-31,-18.92000000000004,18.05
2015-11-02,-18.91000000000004,18.11
2015-11-03,-19.11000000000004,18.11
2015-11-04,-18.96000000000004,18.82
2015-11-05,-18.930000000000035,18.82
2015-11-06,-19.120000000000037,18.82
2015-11-07,-19.50000000000004,18.82
2015-11-10,-19.450000000000035,18.82
2015-11-12,-19.330000000000037,17.52
2015-11-13,-19.200000000000035,17.64
2015-11-14,-19.07000000000004,17.64
2015-11-17,-19.05000000000004,17.64
2015-11-18,-19.310000000000034,18.19
2015-11-19,-19.37000000000004,17.9
2015-11-20,-19.35000000000004,17.9
2015-11-21,-19.63000000000004,17.9
2015-11-23,-19.57000000000004,17.9
2015-11-24,-19.32000000000004,18.14
2015-11-25,-19.09000000000004,17.99
2015-11-26,-18.84000000000004,17.99
2015-11-27,-18.80000000000004,17.99
2015-11-28,-18.98000000000004,17.99
2015-11-30,-18.88000000000004,17.85
2015-12-01,-18.90000000000004,18.13
2015-12-02,-18.760000000000044,17.62
2015-12-03,-18.890000000000043,17.62
2015-12-04,-18.630000000000045,17.33
2015-12-05,-19.11000000000005,17.33
2015-12-07,-19.210000000000047,16.64
2015-12-08,-19.480000000000047,16.64
2015-12-09,-19.350000000000048,16.2
2015-12-10,-19.330000000000048,16.2
2015-12-11,-19.61000000000005,16.03
2015-12-12,-19.470000000000045,16.03
2015-12-14,-19.370000000000044,16.03
2015-12-15,-19.54000000000004,16.07
2015-12-16,-19.820000000000043,15.97
2015-12-17,-19.91000000000004,15.82
2015-12-18,-20.00000000000004,16.15
2015-12-19,-19.89000000000004,16.15
2015-12-22,-20.17000000000004,15.99
2015-12-23,-20.360000000000035,16.93
2015-12-24,-20.330000000000037,16.85
2015-12-26,-20.630000000000035,16.85
2015-12-28,-20.720000000000034,16.85
2015-12-29,-20.790000000000035,16.85
2015-12-30,-20.68000000000003,16.6
2015-12-31,-20.63000000000003,16.6
2016-01-02,-21.01000000000003,16.6
2016-01-04,-20.91000000000003,16.39
2016-01-05,-20.80000000000003,16.39
2016-01-06,-20.970000000000027,16.39
2016-01-07,-21.150000000000027,15.4
2016-01-08,-21.73000000000003,15.4
2016-01-09,-21.720000000000027,15.4
2016-01-12,-21.900000000000027,14.59
2016-01-13,-22.380000000000027,14.59
2016-01-14,-22.570000000000025,14.77
2016-01-15,-22.770000000000024,14.77
2016-01-16,-22.840000000000025,14.77
2016-01-18,-23.130000000000024,13.88
2016-01-19,-23.120000000000022,13.58
2016-01-20,-23.280000000000022,12.89
2016-01-21,-23.570000000000014,14.16
2016-01-22,-23.42000000000002,14.16
2016-01-23,-23.78000000000002,14.16
2016-01-25,-23.88000000000002,14.62
2016-01-26,-24.230000000000015,14.69
2016-01-27,-24.280000000000012,14.8
2016-01-28,-24.23000000000001,14.8
2016-01-29,-24.400000000000013,15.92
2016-01-30,-24.20000000000001,15.92
2016-02-01,-24.18000000000001,15.51
2016-02-02,-23.97000000000001,14.92
2016-02-03,-24.02000000000001,15.05
2016-02-04,-23.79000000000001,15.65
2016-02-05,-23.960000000000008,15.67
2016-02-06,-24.140000000000008,15.67
2016-02-08,-24.040000000000006,15.37
2016-02-09,-24.120000000000008,14.64
2016-02-10,-24.28000000000001,14.27
2016-02-11,-24.47000000000001,14.15
2016-02-12,-24.540000000000003,14.78
2016-02-13,-24.4,14.78
2016-02-16,-24.28,15.0
2016-02-17,-24.48,15.66
2016-02-18,-24.56,15.66
2016-02-19,-24.660000000000004,15.19
2016-02-20,-24.530000000000005,15.19
2016-02-23,-24.72,15.11
2016-02-24,-24.880000000000003,15.28
2016-02-25,-25.18,14.94
2016-02-26,-25.36,15.31
2016-02-27,-25.43,15.31
2016-03-01,-25.41,15.88
2016-03-02,-25.68,16.09
2016-03-03,-25.85,16.76
2016-03-04,-25.82,17.28
2016-03-05,-25.98,17.28
2016-03-07,-25.969999999999995,17.58
2016-03-08,-25.969999999999995,17.23
2016-03-09,-26.359999999999992,17.23
2016-03-10,-26.45999999999999,17.22
2016-03-11,-26.499999999999996,17.69
2016-03-12,-26.459999999999997,17.69
2016-03-14,-26.449999999999992,17.59
2016-03-15,-26.33999999999999,17.4
2016-03-16,-26.43999999999999,17.79
2016-03-17,-26.42999999999999,18.16
2016-03-18,-26.20999999999999,17.89
2016-03-19,-26.20999999999999,17.89
2016-03-22,-26.17999999999999,18.0
2016-03-23,-26.05999999999999,17.47
2016-03-24,-25.939999999999998,16.6
2016-03-25,-26.0,16.6
2016-03-26,-25.879999999999995,16.6
2016-03-29,-25.86,16.6
2016-03-30,-25.82,17.42
2016-03-31,-26.009999999999994,17.42
2016-04-01,-26.199999999999992,17.18
2016-04-02,-26.159999999999997,17.18
2016-04-04,-26.139999999999997,17.1
2016-04-05,-26.109999999999992,17.1
2016-04-06,-25.98999999999999,16.89
2016-04-07,-26.05999999999999,16.98
2016-04-08,-26.42999999999999,17.51
2016-04-09,-26.51999999999999,17.51
2016-04-11,-26.389999999999983,17.7
2016-04-12,-26.169999999999987,18.42
2016-04-13,-26.149999999999988,18.41
2016-04-14,-26.12999999999999,18.31
2016-04-15,-26.40999999999999,17.89
2016-04-16,-26.689999999999987,17.89
2016-04-19,-26.78999999999999,18.7
2016-04-20,-26.779999999999987,18.7
2016-04-21,-26.759999999999987,18.81
2016-04-22,-26.63999999999999,18.88
2016-04-23,-26.51999999999999,18.88
2016-04-25,-26.489999999999988,18.88
2016-04-26,-26.379999999999985,18.88
2016-04-27,-26.359999999999985,19.13
2016-04-28,-26.339999999999986,19.39
2016-04-29,-26.229999999999983,19.07
2016-04-30,-26.41999999999998,19.07
2016-05-02,-26.519999999999985,18.49
2016-05-03,-26.499999999999982,18.49
2016-05-04,-26.48999999999998,18.49
2016-05-05,-26.549999999999983,18.17
2016-05-06,-26.71999999999998,18.18
2016-05-07,-26.809999999999977,18.18
2016-05-09,-26.90999999999998,18.18
2016-05-10,-27.109999999999975,18.18
2016-05-11,-27.58999999999998,18.36
2016-05-12,-27.559999999999977,18.31
2016-05-13,-27.649999999999977,18.37
2016-05-14,-27.40999999999998,18.37
2016-05-16,-27.309999999999977,18.8
2016-05-17,-27.489999999999977,18.94
2016-05-18,-27.67999999999997,18.94
2016-05-19,-27.759999999999977,18.94
2016-05-20,-27.639999999999976,18.94
2016-05-21,-27.829999999999973,18.94
2016-05-24,-27.72999999999997,18.76
2016-05-25,-27.71999999999997,19.21
2016-05-26,-27.409999999999968,19.31
2016-05-27,-27.56999999999997,19.21
2016-05-28,-27.43999999999997,19.21
2016-05-31,-27.539999999999964,19.21
2016-06-01,-27.43999999999996,19.15
2016-06-02,-27.379999999999963,19.15
2016-06-03,-27.27999999999996,19.15
2016-06-04,-27.16999999999996,19.15
2016-06-06,-27.14999999999996,19.56
2016-06-07,-27.14999999999996,20.14
2016-06-08,-27.03999999999996,19.83
2016-06-09,-27.32999999999996,19.72
2016-06-10,-27.229999999999954,18.81
2016-06-11,-27.299999999999955,18.81
2016-06-14,-27.18999999999995,18.7
2016-06-15,-27.169999999999952,18.7
2016-06-16,-27.02999999999995,18.7
2016-06-17,-26.70999999999995,18.7
2016-06-18,-26.789999999999957,18.7
2016-06-20,-26.889999999999954,19.22
2016-06-21,-26.869999999999955,19.22
2016-06-22,-26.859999999999957,18.96
2016-06-23,-26.95999999999995,18.96
2016-06-24,-26.93999999999995,18.96
2016-06-25,-26.82999999999995,18.96
2016-06-28,-26.819999999999947,18.83
2016-06-29,-26.699999999999942,18.83
2016-06-30,-26.579999999999945,18.83
2016-07-01,-26.469999999999946,18.83
2016-07-02,-26.559999999999945,18.83
2016-07-06,-26.359999999999943,19.44
2016-07-07,-26.339999999999943,19.44
2016-07-08,-26.419999999999945,19.44
2016-07-09,-26.489999999999945,19.44
2016-07-11,-26.379999999999946,19.44
2016-07-12,-26.379999999999946,20.02
2016-07-13,-26.65999999999994,20.02
2016-07-14,-26.74999999999994,19.87
2016-07-15,-26.839999999999936,19.87
2016-07-16,-26.71999999999994,19.87
2016-07-18,-26.81999999999994,19.87
2016-07-19,-26.79999999999994,19.87
2016-07-20,-26.77999999999994,19.55
2016-07-21,-26.67999999999994,19.85
2016-07-22,-26.65999999999994,19.85
2016-07-23,-26.55999999999994,19.85
2016-07-26,-26.649999999999935,19.16
2016-07-27,-26.749999999999936,19.16
2016-07-28,-26.839999999999936,19.06
2016-07-29,-26.919999999999938,19.2
2016-07-30,-26.999999999999936,19.2
2016-08-02,-26.979999999999936,19.2
2016-08-03,-26.869999999999933,19.2
2016-08-04,-26.76999999999993,19.26
2016-08-05,-26.61999999999993,19.61
2016-08-06,-26.61999999999993,19.61
2016-08-09,-26.51999999999993,20.1
2016-08-10,-26.509999999999927,20.1
2016-08-11,-26.599999999999923,20.3
2016-08-12,-26.47999999999992,20.29
2016-08-13,-26.46999999999992,20.29
2016-08-15,-26.44999999999992,20.58
2016-08-17,-26.34999999999992,20.58
2016-08-18,-26.64999999999992,20.58
2016-08-19,-26.74999999999992,20.68
2016-08-20,-26.639999999999915,20.68
2016-08-23,-26.739999999999917,20.56
2016-08-24,-26.62999999999991,20.33
2016-08-25,-26.819999999999908,20.3
2016-08-26,-26.79999999999991,20.3
2016-08-27,-26.589999999999907,20.3
2016-08-29,-26.68999999999991,20.35
2016-08-30,-26.57999999999991,20.38
2016-08-31,-26.96999999999991,20.17
2016-09-01,-26.75999999999991,20.17
2016-09-02,-26.649999999999903,20.3
2016-09-03,-26.649999999999903,20.3
2016-09-07,-26.509999999999906,20.3
2016-09-08,-26.509999999999906,20.3
2016-09-09,-26.499999999999904,20.01
2016-09-10,-26.369999999999905,20.01
2016-09-14,-26.439999999999905,19.22
2016-09-15,-26.639999999999905,19.44
2016-09-16,-26.519999999999904,19.29
2016-09-17,-26.719999999999903,19.29
2016-09-19,-26.699999999999903,19.35
2016-09-20,-26.789999999999903,19.2
2016-09-21,-26.9799999999999,19.2
2016-09-22,-26.9699999999999,19.2
2016-09-23,-26.959999999999894,19.46
2016-09-24,-27.0399999999999,19.46
2016-09-27,-27.1299999999999,19.46
2016-09-28,-27.1099999999999,19.46
2016-09-29,-26.779999999999895,19.46
2016-09-30,-26.639999999999898,20.52
2016-10-01,-26.819999999999897,20.52
2016-10-03,-26.809999999999896,20.55
2016-10-04,-26.87999999999989,20.6
2016-10-05,-26.64999999999989,21.0
2016-10-06,-26.82999999999989,21.19
2016-10-07,-26.69999999999989,21.19
2016-10-08,-26.58999999999989,21.19
2016-10-11,-26.389999999999887,21.25
2016-10-12,-26.569999999999887,21.25
2016-10-13,-26.559999999999885,21.25
2016-10-14,-26.549999999999883,21.36
2016-10-15,-26.619999999999884,21.36
2016-10-17,-26.60999999999988,21.36
2016-10-18,-26.69999999999988,21.36
2016-10-19,-26.66999999999988,21.65
2016-10-20,-26.85999999999988,21.65
2016-10-21,-27.05999999999988,21.81
2016-10-22,-26.84999999999988,21.81
2016-10-24,-26.82999999999988,21.81
2016-10-25,-26.80999999999988,21.59
2016-10-26,-26.90999999999988,21.59
2016-10-27,-27.00999999999988,21.59
2016-10-28,-26.98999999999988,21.37
2016-10-29,-26.96999999999988,21.37
2016-10-31,-26.95999999999988,21.14
2016-11-01,-27.02999999999988,20.8
2016-11-02,-26.99999999999988,20.66
2016-11-03,-26.99999999999988,20.52
2016-11-04,-26.96999999999988,20.42
2016-11-05,-26.76999999999988,20.42
2016-11-07,-26.66999999999988,20.7
2016-11-08,-26.84999999999988,20.7
2016-11-09,-26.94999999999988,21.1
2016-11-10,-26.92999999999988,20.97
2016-11-11,-26.81999999999988,20.52
2016-11-12,-26.809999999999874,20.52
2016-11-15,-26.58999999999988,20.52
2016-11-16,-26.66999999999988,21.41
2016-11-17,-26.65999999999988,21.8
2016-11-18,-26.53999999999988,21.8
2016-11-19,-26.429999999999875,21.8
2016-11-22,-26.419999999999877,22.23
2016-11-23,-26.50999999999987,22.18
2016-11-24,-26.399999999999867,22.18
2016-11-25,-26.259999999999867,21.95
2016-11-26,-26.159999999999865,21.95
2016-11-28,-26.149999999999864,21.51
2016-11-29,-25.949999999999864,20.95
2016-11-30,-25.929999999999865,22.77
2016-12-01,-25.609999999999864,22.86
2016-12-02,-25.65999999999986,22.86
2016-12-03,-25.83999999999986,22.86
2016-12-06,-25.68999999999986,22.91
2016-12-07,-25.659999999999854,22.91
2016-12-08,-25.519999999999857,22.75
2016-12-09,-25.409999999999854,22.87
2016-12-10,-25.499999999999854,22.87
2016-12-12,-25.579999999999856,23.11
2016-12-13,-25.27999999999986,23.47
2016-12-14,-25.359999999999857,23.47
2016-12-15,-25.649999999999856,23.47
2016-12-16,-25.739999999999853,23.47
2016-12-17,-25.62999999999985,23.47
2016-12-19,-25.72999999999985,23.15
2016-12-20,-25.819999999999848,23.14
2016-12-21,-26.11999999999985,23.14
2016-12-22,-26.09999999999985,23.14
2016-12-23,-25.999999999999847,23.14
2016-12-24,-25.89999999999985,23.14
2016-12-26,-25.98999999999985,23.14
2016-12-27,-25.979999999999844,23.14
2016-12-28,-25.86999999999984,23.14
2016-12-29,-25.73999999999984,23.14
2016-12-30,-25.83999999999984,23.14
2016-12-31,-25.829999999999835,23.14
2017-01-03,-25.719999999999832,23.14
2017-01-04,-25.699999999999832,23.14
2017-01-05,-25.79999999999983,22.94
2017-01-06,-25.78999999999983,22.8
2017-01-07,-26.08999999999983,22.8
2017-01-10,-26.18999999999983,22.04
2017-01-11,-26.27999999999983,21.93
2017-01-12,-26.46999999999983,21.81
2017-01-13,-26.44999999999983,21.85
2017-01-14,-26.619999999999827,21.85
2017-01-17,-26.619999999999827,21.96
2017-01-18,-26.709999999999827,21.62
2017-01-19,-26.689999999999827,21.67
2017-01-20,-26.579999999999824,21.83
2017-01-21,-26.659999999999823,21.83
2017-01-24,-26.62999999999982,21.65
2017-01-25,-26.71999999999982,21.8
2017-01-26,-26.57999999999982,21.6
2017-01-27,-26.56999999999982,21.38
2017-01-28,-26.659999999999812,21.38
2017-01-30,-26.639999999999816,20.83
2017-01-31,-26.53999999999981,20.8
2017-02-01,-26.639999999999816,20.8
2017-02-02,-26.51999999999981,21.06
2017-02-03,-26.619999999999816,21.0
2017-02-06,-26.60999999999981,20.54
2017-02-07,-26.599999999999813,20.31
2017-02-09,-26.58999999999981,20.81
2017-02-10,-26.57999999999981,20.81
2017-02-11,-26.64999999999981,20.81
2017-02-15,-26.74999999999981,20.81
2017-02-16,-26.64999999999981,20.81
2017-02-17,-26.24999999999981,21.19
2017-02-18,-26.239999999999814,21.19
2017-02-21,-26.329999999999814,21.32
2017-02-22,-26.119999999999813,21.32
2017-02-23,-26.209999999999813,21.0
2017-02-24,-26.19999999999981,20.32
2017-02-25,-26.279999999999813,20.32
2017-02-27,-26.17999999999981,20.25
2017-02-28,-25.97999999999981,20.38
2017-03-01,-26.16999999999981,20.57
2017-03-02,-25.96999999999981,20.75
2017-03-03,-25.94999999999981,20.87
2017-03-04,-26.019999999999808,20.87
2017-03-07,-25.709999999999805,20.98
2017-03-08,-25.389999999999805,20.2
2017-03-09,-25.2799999999998,20.15
2017-03-10,-24.8699999999998,20.42
2017-03-11,-24.8699999999998,20.42
2017-03-13,-24.7599999999998,20.44
2017-03-14,-24.7599999999998,20.15
2017-03-15,-24.6499999999998,20.72
2017-03-16,-24.7499999999998,20.77
2017-03-17,-24.9499999999998,20.63
2017-03-18,-24.939999999999795,20.63
2017-03-20,-24.929999999999797,20.45
2017-03-21,-24.829999999999792,20.18
2017-03-22,-24.90999999999979,20.17
2017-03-23,-25.09999999999979,20.17
2017-03-24,-24.969999999999786,20.4
2017-03-25,-24.929999999999787,20.4
2017-03-27,-25.019999999999783,20.28
2017-03-28,-24.999999999999787,20.78
2017-03-29,-25.179999999999787,21.24
2017-03-30,-25.269999999999783,21.24
2017-03-31,-25.549999999999784,20.76
2017-04-01,-25.529999999999784,20.76
2017-04-04,-25.619999999999784,20.8
2017-04-05,-25.809999999999786,21.0
2017-04-06,-26.109999999999783,21.0
2017-04-07,-26.289999999999782,21.0
2017-04-08,-26.379999999999782,21.0
2017-04-10,-26.36999999999978,21.24
2017-04-11,-26.259999999999778,21.24
2017-04-12,-26.05999999999978,21.25
2017-04-13,-26.139999999999777,20.84
2017-04-14,-26.139999999999777,20.84
2017-04-15,-26.239999999999775,20.84
2017-04-18,-25.929999999999776,20.71
2017-04-19,-25.909999999999776,20.41
2017-04-20,-25.87999999999977,20.41
2017-04-21,-25.75999999999977,20.39
2017-04-22,-25.84999999999977,20.39
2017-04-24,-25.83999999999977,20.39
2017-04-25,-25.92999999999977,20.62
2017-04-26,-25.919999999999767,20.59
2017-04-27,-25.809999999999768,19.91
2017-04-28,-25.60999999999977,20.39
2017-04-29,-25.509999999999767,20.39
2017-05-01,-25.58999999999977,20.35
2017-05-02,-25.56999999999977,20.22
2017-05-03,-25.669999999999767,20.2
2017-05-04,-25.74999999999977,19.8
2017-05-05,-25.739999999999768,20.15
2017-05-06,-25.629999999999768,20.15
2017-05-08,-25.619999999999767,20.43
2017-05-09,-25.619999999999767,20.56
2017-05-10,-25.789999999999765,20.56
2017-05-11,-26.269999999999765,20.58
2017-05-12,-26.129999999999765,20.58
2017-05-13,-26.129999999999765,20.58
2017-05-16,-26.31999999999976,20.71
2017-05-17,-26.389999999999763,20.12
2017-05-18,-26.27999999999976,20.05
2017-05-19,-26.35999999999976,20.05
2017-05-20,-26.32999999999976,20.05
2017-05-24,-26.12999999999976,20.06
2017-05-25,-26.11999999999976,19.65
2017-05-26,-26.219999999999757,19.73
2017-05-27,-26.119999999999752,19.73
2017-05-30,-26.31999999999975,19.4
2017-05-31,-26.28999999999975,19.29
2017-06-01,-26.479999999999748,19.29
2017-06-02,-26.369999999999745,19.05
2017-06-03,-26.219999999999743,19.05
2017-06-05,-26.319999999999744,19.18
2017-06-06,-26.399999999999743,19.42
2017-06-07,-26.38999999999974,18.82
2017-06-08,-26.47999999999974,18.74
2017-06-09,-26.35999999999974,18.74
2017-06-10,-26.24999999999974,18.74
2017-06-12,-26.22999999999974,19.1
2017-06-13,-26.20999999999974,19.1
2017-06-14,-26.28999999999974,18.45
2017-06-15,-26.369999999999735,18.1
2017-06-16,-26.569999999999737,18.19
2017-06-17,-26.45999999999973,18.19
2017-06-20,-26.43999999999973,17.76
2017-06-21,-26.629999999999733,17.76
2017-06-22,-26.429999999999733,17.81
2017-06-23,-26.629999999999733,17.96
2017-06-24,-26.81999999999973,17.96
2017-06-28,-26.919999999999728,18.15
2017-06-30,-26.69999999999973,17.88
2017-07-01,-26.799999999999727,17.88
2017-07-04,-26.69999999999973,18.01
2017-07-05,-26.76999999999973,17.56
2017-07-06,-26.94999999999973,17.66
2017-07-07,-27.049999999999727,17.1
2017-07-08,-27.03999999999973,17.1
2017-07-11,-27.209999999999724,17.1
2017-07-12,-27.099999999999724,17.6
2017-07-13,-26.989999999999725,17.65
2017-07-14,-27.189999999999724,17.65
2017-07-15,-27.37999999999972,17.65
2017-07-17,-27.36999999999972,17.65
2017-07-18,-27.33999999999972,17.71
2017-07-19,-27.31999999999972,18.15
2017-07-20,-27.29999999999972,18.17
2017-07-21,-27.179999999999723,17.89
2017-07-22,-27.16999999999972,17.89
2017-07-24,-27.26999999999972,17.88
2017-07-25,-27.23999999999972,18.31
2017-07-26,-27.41999999999972,18.57
2017-07-27,-27.499999999999723,18.66
2017-07-28,-27.78999999999972,18.66
2017-07-29,-27.57999999999972,18.66
2017-07-31,-27.679999999999723,18.66
2017-08-02,-27.76999999999972,18.52
2017-08-03,-27.95999999999972,18.32
2017-08-04,-28.15999999999972,18.32
2017-08-05,-27.93999999999972,18.32
2017-08-08,-27.83999999999972,18.54
2017-08-09,-28.029999999999717,18.54
2017-08-10,-28.129999999999715,18.54
2017-08-11,-28.329999999999718,18.24
2017-08-12,-28.329999999999718,18.24
2017-08-14,-28.329999999999718,18.33
2017-08-15,-28.329999999999718,17.95
2017-08-16,-28.319999999999716,17.94
2017-08-17,-28.519999999999712,17.79
2017-08-18,-28.499999999999712,17.72
2017-08-19,-28.39999999999971,17.72
2017-08-24,-28.46999999999971,17.62
2017-08-25,-28.56999999999971,17.61
2017-08-26,-28.76999999999971,17.61
2017-08-28,-28.669999999999707,17.61
2017-08-29,-28.669999999999707,17.61
2017-08-30,-28.569999999999705,17.57
2017-09-01,-28.469999999999708,17.97
2017-09-02,-28.26999999999971,17.97
2017-09-05,-28.259999999999707,18.1
2017-09-06,-28.149999999999707,18.13
2017-09-07,-28.039999999999704,18.13
2017-09-08,-27.939999999999703,18.13
2017-09-09,-28.019999999999705,18.13
2017-09-12,-28.099999999999707,18.18
2017-09-13,-28.089999999999705,18.64
2017-09-14,-27.989999999999704,18.64
2017-09-15,-27.969999999999704,18.82
2017-09-16,-27.959999999999702,18.82
2017-09-19,-27.939999999999703,18.82
2017-09-20,-27.939999999999703,19.36
2017-09-21,-27.9099999999997,19.73
2017-09-22,-27.8999999999997,19.63
2017-09-23,-27.8699999999997,19.63
2017-09-25,-27.6499999999997,19.95
2017-09-26,-27.4199999999997,20.01
2017-09-27,-27.1899999999997,20.13
2017-09-28,-27.2399999999997,20.01
2017-09-29,-27.299999999999702,19.94
2017-09-30,-27.1799999999997,19.94
2017-10-03,-27.1799999999997,19.82
2017-10-04,-27.1699999999997,19.82
2017-10-05,-27.0699999999997,19.91
2017-10-06,-27.469999999999697,19.51
2017-10-07,-27.559999999999697,19.51
2017-10-10,-27.54999999999969,19.58
2017-10-11,-27.529999999999696,19.58
2017-10-12,-27.51999999999969,19.21
2017-10-13,-27.719999999999693,19.33
2017-10-14,-27.59999999999969,19.33
2017-10-16,-27.68999999999969,19.31
2017-10-17,-27.67999999999969,19.35
2017-10-18,-27.65999999999969,19.27
2017-10-20,-27.74999999999969,19.2
2017-10-21,-27.92999999999969,19.2
2017-10-24,-27.99999999999969,19.0
2017-10-25,-28.09999999999969,18.99
2017-10-26,-28.18999999999969,19.14
2017-10-27,-27.85999999999969,19.56
2017-10-28,-27.83999999999969,19.56
2017-10-30,-28.03999999999969,20.0
2017-10-31,-28.01999999999969,20.33
2017-11-01,-28.01999999999969,20.57
2017-11-02,-27.89999999999969,20.54
2017-11-03,-27.969999999999686,20.6
2017-11-04,-27.84999999999969,20.6
2017-11-06,-27.729999999999688,21.17
2017-11-07,-27.60999999999969,21.3
2017-11-08,-27.55999999999969,21.23
2017-11-09,-27.52999999999969,21.23
2017-11-10,-27.499999999999687,21.19
2017-11-11,-27.57999999999969,21.19
2017-11-13,-27.569999999999688,21.19
2017-11-14,-27.459999999999685,20.23
2017-11-16,-27.439999999999685,20.02
2017-11-17,-27.41999999999969,20.15
2017-11-18,-27.699999999999687,20.15
2017-11-20,-27.689999999999685,19.77
2017-11-21,-27.57999999999969,19.76
2017-11-22,-27.66999999999968,19.87
2017-11-23,-27.749999999999684,19.88
2017-11-24,-27.83999999999968,19.88
2017-11-25,-27.80999999999968,19.88
2017-11-27,-27.79999999999968,19.49
2017-11-28,-27.97999999999968,19.49
2017-11-29,-27.87999999999968,19.49
2017-11-30,-27.869999999999678,19.99
2017-12-01,-27.659999999999677,19.99
2017-12-02,-27.639999999999677,19.99
2017-12-05,-27.519999999999676,19.83
2017-12-06,-27.61999999999967,19.41
2017-12-07,-27.40999999999967,19.49
2017-12-08,-27.399999999999668,19.66
2017-12-11,-27.489999999999668,19.76
2017-12-12,-27.389999999999667,19.77
2017-12-13,-27.479999999999663,19.77
2017-12-14,-27.659999999999663,19.77
2017-12-15,-27.659999999999663,19.07
2017-12-16,-27.84999999999966,19.07
2017-12-18,-27.64999999999966,19.22
2017-12-19,-27.34999999999966,19.25
2017-12-20,-27.43999999999966,19.53
2017-12-21,-27.42999999999966,19.53
2017-12-22,-27.319999999999656,19.86
2017-12-23,-27.209999999999653,19.86
2017-12-26,-27.19999999999965,19.86
2017-12-27,-27.07999999999965,20.14
2017-12-28,-27.16999999999965,20.14
2017-12-29,-27.26999999999965,20.31
2017-12-30,-27.36999999999965,20.31
2018-01-02,-27.16999999999965,20.63
2018-01-03,-27.05999999999965,21.1
2018-01-04,-26.949999999999648,20.95
2018-01-05,-26.949999999999648,20.52
2018-01-06,-26.739999999999647,20.52
2018-01-08,-26.639999999999645,20.54
2018-01-09,-26.539999999999644,20.81
2018-01-10,-26.329999999999643,20.79
2018-01-12,-26.31999999999964,21.09
2018-01-13,-26.19999999999964,21.09
2018-01-16,-25.97999999999964,20.79
2018-01-17,-26.16999999999964,20.79
2018-01-18,-26.24999999999964,20.81
2018-01-19,-25.93999999999964,20.52
2018-01-20,-25.83999999999964,20.52
2018-01-23,-25.81999999999964,20.87
2018-01-24,-25.80999999999964,20.65
2018-01-25,-25.799999999999635,20.59
2018-01-26,-25.679999999999637,20.59
2018-01-27,-25.669999999999632,20.59
2018-01-29,-25.55999999999963,20.59
2018-01-30,-25.459999999999628,19.65
2018-01-31,-25.73999999999963,19.51
2018-02-01,-26.01999999999963,19.45
2018-02-02,-26.18999999999963,19.04
2018-02-03,-26.42999999999963,19.04
2018-02-05,-26.38999999999963,18.86
2018-02-06,-26.36999999999963,18.64
2018-02-07,-26.469999999999636,18.26
2018-02-08,-26.829999999999632,18.23
2018-02-09,-26.989999999999636,17.27
2018-02-10,-27.17999999999963,17.27
2018-02-12,-27.16999999999963,17.27
2018-02-13,-27.24999999999963,17.84
2018-02-14,-27.01999999999963,18.26
2018-02-15,-27.209999999999628,18.26
2018-02-16,-27.279999999999628,18.21
2018-02-17,-27.449999999999623,18.21
2018-02-20,-27.529999999999628,18.25
2018-02-21,-27.599999999999625,18.19
2018-02-22,-27.669999999999625,18.36
2018-02-23,-27.659999999999624,18.6
2018-02-24,-27.32999999999962,18.6
2018-02-27,-27.17999999999962,18.66
2018-02-28,-27.25999999999962,18.16
2018-03-01,-27.44999999999962,17.9
2018-03-02,-27.62999999999962,17.86
2018-03-03,-27.52999999999962,17.86
2018-03-05,-27.61999999999962,18.28
2018-03-06,-27.58999999999962,18.28
2018-03-07,-27.469999999999622,18.0
2018-03-08,-27.85999999999962,18.0
2018-03-09,-28.11999999999962,18.0
2018-03-10,-28.31999999999962,18.0
2018-03-12,-28.40999999999962,18.0
2018-03-13,-28.39999999999962,18.05
2018-03-14,-28.389999999999617,18.05
2018-03-15,-28.479999999999617,18.1
2018-03-16,-28.549999999999617,18.21
2018-03-17,-28.329999999999615,18.21
2018-03-19,-28.319999999999617,18.23
2018-03-20,-28.419999999999614,18.45
2018-03-21,-28.709999999999617,18.45
2018-03-22,-28.48999999999962,18.45
2018-03-23,-28.789999999999612,18.39
2018-03-24,-28.46999999999961,18.39
2018-03-26,-28.459999999999614,18.39
2018-03-27,-28.64999999999961,18.61
2018-03-28,-28.84999999999961,18.45
2018-03-29,-29.03999999999961,18.45
2018-03-30,-29.129999999999608,18.45
2018-03-31,-29.119999999999607,18.45
2018-04-02,-29.219999999999608,18.46
2018-04-03,-29.219999999999608,18.46
2018-04-04,-29.419999999999607,18.46
2018-04-05,-29.58999999999961,19.62
2018-04-06,-29.669999999999607,19.44
2018-04-07,-29.72999999999961,19.44
2018-04-09,-29.619999999999607,19.4
2018-04-10,-29.759999999999607,19.7
2018-04-11,-29.72999999999961,19.7
2018-04-12,-29.899999999999604,20.08
2018-04-13,-29.889999999999603,20.43
2018-04-14,-29.639999999999603,20.43
2018-04-16,-29.7199999999996,20.0
2018-04-17,-29.779999999999603,20.0
2018-04-18,-29.869999999999603,20.93
2018-04-19,-30.0599999999996,21.05
2018-04-20,-30.3499999999996,20.72
2018-04-21,-30.3399999999996,20.72
2018-04-23,-30.2999999999996,21.04
2018-04-24,-30.3699999999996,21.04
2018-04-25,-30.6499999999996,21.21
2018-04-26,-30.739999999999597,21.33
2018-04-27,-31.029999999999596,21.14
2018-04-28,-31.009999999999597,21.14
2018-04-30,-31.109999999999594,21.15
2018-05-01,-30.999999999999595,21.15
2018-05-02,-30.769999999999595,21.33
2018-05-03,-30.759999999999597,21.33
2018-05-04,-30.759999999999597,20.93
2018-05-05,-30.739999999999597,20.93
2018-05-07,-30.719999999999597,21.11
2018-05-08,-30.819999999999595,20.94
2018-05-09,-30.709999999999592,20.94
2018-05-10,-30.889999999999592,21.39
2018-05-11,-31.08999999999959,21.39
2018-05-12,-30.95999999999959,21.39
2018-05-14,-30.949999999999587,21.69
2018-05-17,-30.879999999999587,22.35
2018-05-18,-30.949999999999587,22.31
2018-05-19,-31.239999999999583,22.31
2018-05-22,-31.429999999999584,22.15
2018-05-23,-31.319999999999585,21.89
2018-05-24,-31.479999999999585,21.7
2018-05-25,-31.649999999999583,21.01
2018-05-26,-31.529999999999585,21.01
2018-05-28,-31.609999999999584,21.01
2018-05-29,-31.999999999999584,20.97
2018-05-30,-31.659999999999588,21.42
2018-05-31,-31.909999999999588,21.41
2018-06-01,-31.68999999999959,21.4
2018-06-02,-31.75999999999959,21.4
2018-06-04,-31.73999999999959,20.85
2018-06-05,-31.91999999999959,20.85
2018-06-06,-31.99999999999959,20.87
2018-06-07,-31.979999999999592,21.35
2018-06-08,-32.05999999999959,21.16
2018-06-09,-32.13999999999959,21.16
2018-06-11,-32.12999999999959,21.35
2018-06-12,-32.11999999999959,21.35
2018-06-13,-31.899999999999597,21.0
2018-06-14,-31.979999999999595,20.99
2018-06-15,-31.949999999999594,20.69
2018-06-16,-32.039999999999594,20.69
2018-06-19,-32.0299999999996,20.94
2018-06-20,-32.00999999999959,21.0
2018-06-21,-31.90999999999959,20.63
2018-06-22,-32.00999999999959,21.38
2018-06-23,-32.0599999999996,21.38
2018-06-26,-32.1599999999996,21.66
2018-06-27,-32.3599999999996,21.66
2018-06-28,-32.549999999999606,21.66
2018-06-29,-32.43999999999961,22.0
2018-06-30,-32.63999999999961,22.0
2018-07-03,-32.61999999999961,22.0
2018-07-04,-32.5999999999996,22.0
2018-07-05,-32.299999999999606,22.0
2018-07-06,-32.18999999999961,22.0
2018-07-07,-32.27999999999961,22.0
2018-07-10,-32.369999999999614,22.64
2018-07-11,-32.16999999999962,22.64
2018-07-12,-32.149999999999615,22.35
2018-07-13,-32.12999999999961,22.55
2018-07-14,-32.02999999999961,22.55
2018-07-17,-32.01999999999961,22.18
2018-07-18,-32.119999999999614,22.0
2018-07-19,-32.009999999999614,22.0
2018-07-20,-32.109999999999616,21.86
2018-07-21,-32.079999999999615,21.86
2018-07-23,-32.06999999999962,21.87
2018-07-24,-32.25999999999962,21.82
2018-07-25,-32.35999999999962,21.75
2018-07-26,-32.53999999999962,22.05
2018-07-27,-32.739999999999625,21.93
2018-07-28,-32.61999999999962,21.93
2018-07-31,-32.40999999999962,21.93
2018-08-01,-32.50999999999962,21.93
2018-08-03,-32.58999999999962,21.93
2018-08-04,-32.76999999999962,21.93
2018-08-07,-32.66999999999962,21.93
2018-08-08,-32.749999999999616,21.93
2018-08-10,-32.62999999999961,21.4
2018-08-11,-32.52999999999961,21.4
2018-08-14,-32.62999999999961,21.5
2018-08-15,-32.52999999999961,21.5
2018-08-16,-32.51999999999961,21.5
2018-08-17,-32.619999999999614,21.5
2018-08-18,-32.59999999999961,21.5
2018-08-20,-32.689999999999614,20.83
2018-08-21,-32.579999999999615,20.97
2018-08-22,-32.56999999999962,21.37
2018-08-23,-32.45999999999962,21.36
2018-08-24,-32.55999999999962,21.5
2018-08-25,-32.44999999999962,21.5
2018-08-28,-32.43999999999962,21.4
2018-08-29,-32.53999999999962,21.61
2018-08-30,-32.53999999999962,21.61
2018-08-31,-32.61999999999962,21.18
2018-09-01,-32.48999999999962,21.18
2018-09-04,-32.37999999999962,21.18
2018-09-05,-32.56999999999962,21.18
2018-09-06,-32.36999999999962,21.18
2018-09-07,-32.22999999999962,21.18
2018-09-08,-32.51999999999962,21.18
2018-09-11,-32.40999999999962,20.06
2018-09-12,-32.38999999999962,20.06
2018-09-13,-32.37999999999962,19.94
2018-09-14,-32.36999999999962,19.94
2018-09-15,-32.26999999999962,19.94
2018-09-17,-32.35999999999962,19.86
2018-09-18,-32.54999999999962,19.86
2018-09-19,-32.429999999999616,19.86
2018-09-20,-32.62999999999962,19.86
2018-09-21,-32.509999999999614,20.3
2018-09-22,-32.509999999999614,20.3
2018-09-24,-32.40999999999961,20.68
2018-09-25,-32.37999999999961,20.68
2018-09-26,-32.35999999999961,20.68
2018-09-27,-32.339999999999606,20.68
2018-09-28,-32.32999999999961,20.77
2018-09-29,-32.41999999999961,20.77
2018-10-02,-32.009999999999614,20.8
2018-10-03,-31.999999999999613,21.08
2018-10-04,-32.399999999999615,21.08
2018-10-05,-32.37999999999961,21.08
2018-10-06,-32.37999999999961,21.08
2018-10-10,-32.55999999999961,20.15
2018-10-11,-32.65999999999961,19.25
2018-10-12,-32.55999999999961,19.25
2018-10-13,-32.73999999999961,19.25
2018-10-15,-32.939999999999614,19.19
2018-10-16,-33.13999999999962,19.19
2018-10-18,-33.22999999999962,19.19
2018-10-19,-33.11999999999962,18.91
2018-10-20,-33.11999999999962,18.91
2018-10-22,-33.00999999999962,18.91
2018-10-23,-32.99999999999962,18.13
2018-10-24,-32.79999999999962,17.75
2018-10-25,-32.77999999999962,17.99
2018-10-26,-32.759999999999614,17.99
2018-10-27,-32.83999999999961,17.99
2018-10-29,-32.829999999999615,17.85
2018-10-30,-33.009999999999614,17.65
2018-10-31,-33.189999999999614,17.96
2018-11-01,-33.08999999999961,17.96
2018-11-02,-32.97999999999961,17.96
2018-11-03,-33.06999999999962,17.96
2018-11-06,-33.16999999999962,17.96
2018-11-07,-33.05999999999962,18.22
2018-11-08,-32.94999999999962,17.98
2018-11-09,-33.04999999999962,17.65
2018-11-10,-33.239999999999625,17.65
2018-11-13,-33.139999999999624,17.0
2018-11-14,-33.029999999999625,17.14
2018-11-15,-33.099999999999625,17.03
2018-11-16,-33.18999999999963,16.97
2018-11-17,-33.27999999999963,16.97
2018-11-19,-33.369999999999635,16.93
2018-11-20,-33.439999999999635,16.41
2018-11-21,-33.62999999999964,16.91
2018-11-22,-33.69999999999963,16.96
2018-11-23,-33.74999999999964,16.11
2018-11-24,-33.92999999999964,16.11
2018-11-27,-33.70999999999963,15.96
2018-11-28,-33.67999999999963,15.74
2018-11-29,-34.27999999999963,15.74
2018-11-30,-34.34999999999963,16.06
2018-12-01,-34.32999999999963,16.06
2018-12-03,-34.60999999999962,16.75
2018-12-04,-34.389999999999624,16.38
2018-12-05,-34.46999999999962,16.6
2018-12-06,-34.559999999999626,15.74
2018-12-07,-34.559999999999626,16.0
2018-12-08,-34.93999999999962,16.0
2018-12-10,-35.029999999999625,15.63
2018-12-11,-35.01999999999963,15.56
2018-12-12,-35.10999999999963,15.84
2018-12-13,-35.28999999999962,15.75
2018-12-14,-35.25999999999962,15.26
2018-12-15,-35.23999999999962,15.26
2018-12-17,-35.22999999999962,14.89
2018-12-18,-35.429999999999616,14.7
2018-12-19,-35.29999999999961,14.86
2018-12-20,-35.38999999999962,14.51
2018-12-21,-35.08999999999962,14.28
2018-12-22,-35.18999999999962,14.28
2018-12-24,-35.16999999999962,13.78
2018-12-26,-35.35999999999962,13.78
2018-12-27,-35.42999999999962,14.49
2018-12-28,-35.49999999999962,14.73
2018-12-29,-35.569999999999624,14.73
2018-12-31,-35.54999999999962,14.83
2019-01-02,-35.639999999999624,15.04
2019-01-03,-35.639999999999624,15.08
2019-01-04,-35.61999999999962,15.56
2019-01-05,-35.819999999999624,15.56
2019-01-07,-35.90999999999963,15.61
2019-01-08,-35.879999999999626,15.63
2019-01-09,-35.54999999999963,15.92
2019-01-10,-35.73999999999963,16.11
2019-01-11,-35.80999999999963,16.0
2019-01-12,-35.99999999999964,16.0
2019-01-14,-35.98999999999964,16.15
2019-01-15,-36.05999999999964,16.15
2019-01-16,-36.14999999999964,16.5
2019-01-17,-36.10999999999965,16.41
2019-01-18,-35.89999999999964,16.53
2019-01-19,-36.19999999999964,16.53
2019-01-21,-36.18999999999964,16.53
2019-01-22,-36.16999999999964,15.94
2019-01-23,-36.06999999999964,15.75
2019-01-24,-36.05999999999964,15.99
2019-01-25,-35.95999999999964,16.07
2019-01-26,-35.94999999999964,16.07
2019-01-29,-36.139999999999645,16.1
2019-01-30,-36.209999999999646,16.24
2019-01-31,-36.099999999999646,16.09
2019-02-01,-36.17999999999965,15.96
2019-02-02,-36.25999999999964,15.96
2019-02-05,-36.25999999999964,16.15
2019-02-06,-36.14999999999964,16.15
2019-02-07,-36.249999999999645,15.76
2019-02-08,-36.22999999999964,15.58
2019-02-09,-36.52999999999964,15.58
2019-02-11,-36.51999999999964,15.67
2019-02-13,-36.38999999999964,16.22
2019-02-14,-36.48999999999964,16.34
2019-02-15,-36.46999999999964,16.76
2019-02-16,-36.54999999999964,16.76
2019-02-19,-36.64999999999964,16.77
2019-02-20,-36.62999999999963,16.96
2019-02-21,-36.71999999999964,16.82
2019-02-22,-36.81999999999964,16.99
2019-02-23,-36.89999999999964,16.99
2019-02-26,-36.87999999999963,16.99
2019-02-27,-36.95999999999963,16.99
2019-02-28,-37.11999999999964,17.01
2019-03-01,-37.27999999999964,17.18
2019-03-02,-37.37999999999964,17.18
2019-03-04,-37.57999999999964,16.85
2019-03-05,-37.64999999999964,16.88
2019-03-06,-37.69999999999965,16.71
2019-03-08,-37.88999999999965,16.38
2019-03-09,-37.96999999999965,16.38
2019-03-12,-37.86999999999965,16.38
2019-03-13,-37.76999999999965,16.97
2019-03-15,-37.75999999999965,16.9
2019-03-16,-37.75999999999965,16.9
2019-03-19,-37.949999999999655,16.9
2019-03-20,-37.71999999999965,17.05
2019-03-21,-37.71999999999965,17.53
2019-03-22,-37.80999999999965,17.15
2019-03-23,-37.58999999999965,17.15
2019-03-26,-37.68999999999965,17.03
2019-03-27,-37.669999999999646,16.72
2019-03-28,-37.65999999999965,16.76
2019-03-29,-37.639999999999645,16.7
2019-03-30,-37.71999999999965,16.7
2019-04-01,-37.60999999999965,16.97
2019-04-02,-37.57999999999964,16.97
2019-04-03,-37.55999999999964,16.93
2019-04-04,-37.64999999999964,16.74
2019-04-05,-37.639999999999645,17.13
2019-04-06,-37.50999999999964,17.13
2019-04-08,-37.48999999999964,17.49
2019-04-09,-37.95999999999964,17.4
2019-04-10,-38.03999999999964,17.68
2019-04-11,-38.02999999999964,17.68
2019-04-12,-38.08999999999964,17.82
2019-04-13,-38.139999999999645,17.82
2019-04-15,-38.11999999999964,17.73
2019-04-16,-38.19999999999964,17.77
2019-04-17,-38.099999999999646,17.96
2019-04-18,-38.16999999999964,17.98
2019-04-19,-38.22999999999964,17.98
2019-04-20,-38.21999999999965,17.98
2019-04-23,-38.389999999999645,18.53
2019-04-24,-38.36999999999964,18.19
2019-04-25,-38.46999999999965,18.13
2019-04-26,-38.21999999999965,17.73
2019-04-27,-38.60999999999965,17.73
2019-04-29,-38.49999999999965,17.83
2019-04-30,-38.87999999999965,17.64
2019-05-01,-39.05999999999964,17.12
2019-05-02,-39.229999999999634,16.64
2019-05-03,-39.30999999999963,16.72
2019-05-04,-38.99999999999964,16.72
2019-05-08,-38.87999999999963,16.72
2019-05-09,-39.06999999999964,16.89
2019-05-10,-39.23999999999964,16.78
2019-05-13,-39.33999999999964,16.78
2019-05-14,-39.43999999999964,16.47
2019-05-15,-39.71999999999964,16.47
2019-05-16,-39.91999999999964,16.47
2019-05-17,-39.89999999999964,16.83
2019-05-18,-39.78999999999964,16.83
2019-05-21,-39.67999999999964,16.55
2019-05-22,-39.62999999999964,16.21
2019-05-23,-39.50999999999964,15.54
2019-05-24,-39.59999999999964,15.58
2019-05-25,-39.66999999999964,15.58
2019-05-27,-39.65999999999964,15.89
2019-05-28,-39.94999999999964,15.89
2019-05-29,-39.93999999999964,15.89
2019-05-30,-39.81999999999964,15.89
2019-05-31,-39.88999999999964,15.53
2019-06-01,-39.87999999999964,15.53
2019-06-03,-39.97999999999964,15.29
2019-06-04,-40.069999999999645,15.29
2019-06-05,-40.04999999999964,15.04
2019-06-06,-39.94999999999964,14.98
2019-06-07,-40.12999999999964,15.2
2019-06-08,-40.19999999999964,15.2
2019-06-10,-40.08999999999964,15.36
2019-06-11,-40.28999999999965,15.36
2019-06-12,-40.06999999999964,15.03
2019-06-13,-40.16999999999964,15.03
2019-06-14,-40.53999999999964,15.03
2019-06-15,-40.53999999999964,15.03
2019-06-17,-40.41999999999963,15.03
2019-06-18,-40.27999999999963,15.42
2019-06-19,-39.96999999999964,15.42
2019-06-20,-39.69999999999964,15.61
2019-06-21,-39.889999999999645,15.62
2019-06-22,-39.57999999999965,15.62
2019-06-24,-39.56999999999965,15.45
2019-06-25,-39.74999999999965,15.45
2019-06-26,-39.84999999999965,15.63
2019-06-27,-39.839999999999655,15.36
2019-06-28,-39.71999999999966,15.14
2019-06-29,-39.81999999999966,15.14
2019-07-02,-39.80999999999966,15.05
2019-07-03,-39.78999999999966,15.15
2019-07-04,-39.67999999999966,15.15
2019-07-05,-39.77999999999966,15.15
2019-07-06,-39.659999999999656,15.15
2019-07-08,-39.75999999999966,15.17
2019-07-09,-39.699999999999655,15.25
2019-07-10,-39.38999999999966,15.55
2019-07-12,-39.269999999999655,15.62
2019-07-13,-39.45999999999966,15.62
2019-07-16,-39.34999999999966,15.62
2019-07-17,-39.24999999999966,15.09
2019-07-19,-39.34999999999966,15.01
2019-07-20,-39.32999999999966,15.01
2019-07-22,-39.31999999999966,15.01
2019-07-23,-39.31999999999966,15.01
2019-07-24,-39.28999999999966,15.03
2019-07-25,-39.269999999999655,14.51
2019-07-26,-39.12999999999965,14.46
2019-07-27,-39.21999999999966,14.46
2019-07-31,-39.119999999999656,14.62
2019-08-02,-39.18999999999966,14.15
2019-08-03,-38.87999999999966,14.15
2019-08-06,-38.96999999999967,13.66
2019-08-07,-39.03999999999967,13.56
2019-08-08,-39.02999999999967,13.81
2019-08-09,-38.92999999999967,13.92
2019-08-10,-39.009999999999664,13.92
2019-08-13,-38.89999999999967,13.92
2019-08-14,-38.98999999999967,13.39
2019-08-15,-39.07999999999967,13.24
2019-08-16,-39.06999999999967,13.24
2019-08-17,-39.05999999999968,13.24
2019-08-19,-39.04999999999968,13.24
2019-08-20,-38.83999999999968,13.6
2019-08-21,-38.80999999999968,13.73
2019-08-22,-38.99999999999968,13.65
2019-08-23,-39.09999999999968,13.65
2019-08-24,-39.19999999999968,13.65
2019-08-26,-39.189999999999685,13.65
2019-08-28,-39.16999999999968,13.54
2019-08-29,-39.16999999999968,13.92
2019-08-30,-38.869999999999685,13.86
2019-08-31,-39.05999999999969,13.86
2019-09-03,-38.95999999999969,13.86
2019-09-04,-38.85999999999969,13.82
2019-09-05,-38.759999999999685,14.1
2019-09-06,-38.939999999999685,14.1
2019-09-07,-39.01999999999968,14.1
2019-09-09,-38.90999999999968,14.45
2019-09-10,-38.87999999999968,14.45
2019-09-11,-39.23999999999968,14.78
2019-09-12,-39.30999999999968,14.87
2019-09-13,-39.20999999999968,14.97
2019-09-14,-39.17999999999968,14.97
2019-09-16,-39.07999999999968,16.37
2019-09-17,-39.06999999999968,16.05
2019-09-18,-39.14999999999968,15.78
2019-09-19,-39.14999999999968,15.72
2019-09-20,-39.13999999999968,15.72
2019-09-21,-39.33999999999968,15.72
2019-09-23,-39.33999999999968,15.79
2019-09-24,-39.31999999999968,15.5
2019-09-25,-39.48999999999968,15.3
2019-09-26,-39.579999999999686,15.28
2019-09-27,-39.63999999999969,15.25
2019-09-28,-39.829999999999686,15.25
2019-09-30,-39.91999999999969,15.16
2019-10-02,-40.00999999999969,14.39
2019-10-03,-39.959999999999695,14.39
2019-10-04,-40.0499999999997,14.19
2019-10-05,-40.1399999999997,14.19
2019-10-07,-40.0299999999997,14.36
2019-10-08,-40.1299999999997,13.75
2019-10-09,-40.1099999999997,13.75
2019-10-10,-40.1899999999997,13.75
2019-10-11,-40.3799999999997,13.99
2019-10-12,-40.5599999999997,13.99
2019-10-15,-40.5599999999997,13.95
2019-10-16,-40.50999999999971,13.95
2019-10-17,-40.49999999999971,13.95
2019-10-18,-40.479999999999706,13.95
2019-10-19,-40.62999999999971,13.95
2019-10-21,-40.72999999999971,14.01
2019-10-22,-41.01999999999972,14.01
2019-10-23,-41.259999999999714,14.01
2019-10-24,-41.54999999999971,14.06
2019-10-25,-41.44999999999972,13.95
2019-10-26,-41.43999999999972,13.95
2019-10-29,-41.51999999999972,13.95
2019-10-30,-41.58999999999972,14.14
2019-10-31,-41.45999999999972,13.52
2019-11-01,-41.73999999999972,13.75
2019-11-02,-41.56999999999972,13.75
2019-11-04,-41.53999999999972,14.5
2019-11-05,-41.63999999999972,14.62
2019-11-06,-41.69999999999972,14.38
2019-11-07,-41.68999999999972,15.0
2019-11-08,-41.54999999999972,15.07
2019-11-09,-41.42999999999972,15.07
2019-11-12,-41.42999999999972,14.92
2019-11-13,-41.60999999999972,14.92
2019-11-14,-41.67999999999972,14.92
2019-11-15,-41.93999999999971,14.96
2019-11-16,-41.88999999999972,14.96
2019-11-19,-41.77999999999972,14.96
2019-11-20,-41.97999999999972,14.96
2019-11-21,-41.96999999999972,14.96
2019-11-22,-42.04999999999972,14.96
2019-11-23,-41.81999999999972,14.96
2019-11-26,-41.68999999999972,14.96
2019-11-27,-41.67999999999972,14.59
2019-11-28,-41.56999999999972,14.59
2019-11-29,-41.34999999999972,14.59
2019-11-30,-41.42999999999972,14.59
2019-12-02,-41.52999999999972,14.52
2019-12-03,-41.79999999999971,14.38
2019-12-04,-41.77999999999971,14.65
2019-12-05,-41.45999999999971,14.65
2019-12-07,-41.839999999999705,14.65
2019-12-09,-41.82999999999971,15.19
2019-12-10,-41.8099999999997,15.19
2019-12-11,-41.6899999999997,15.19
2019-12-12,-41.6599999999997,15.21
2019-12-13,-41.5499999999997,15.52
2019-12-14,-41.32999999999969,15.52
2019-12-17,-41.419999999999696,15.81
2019-12-18,-41.4099999999997,15.8
2019-12-19,-41.4799999999997,15.97
2019-12-20,-41.369999999999706,16.06
2019-12-21,-41.2499999999997,16.06
2019-12-23,-41.3499999999997,16.14
2019-12-24,-41.2399999999997,16.26
2019-12-27,-41.2399999999997,16.28
2019-12-28,-41.339999999999705,16.28
2019-12-30,-41.439999999999706,16.32
2019-12-31,-41.42999999999971,16.32
2020-01-02,-41.51999999999971,16.32
2020-01-03,-41.40999999999971,16.61
2020-01-04,-41.30999999999971,16.61
2020-01-06,-41.20999999999971,16.5
2020-01-07,-41.399999999999714,16.63
2020-01-08,-41.58999999999972,16.36
2020-01-09,-41.55999999999972,16.43
2020-01-10,-41.54999999999972,16.43
2020-01-11,-41.52999999999972,16.43
2020-01-14,-41.31999999999972,16.33
2020-01-15,-41.18999999999971,16.18
2020-01-16,-41.28999999999972,16.18
2020-01-17,-41.08999999999971,16.05
2020-01-18,-41.18999999999971,16.05
2020-01-20,-41.16999999999971,16.02
2020-01-21,-41.4499999999997,15.75
2020-01-23,-41.8499999999997,15.35
2020-01-24,-41.8299999999997,15.22
2020-01-25,-41.8199999999997,15.22
2020-01-27,-41.8099999999997,14.83
2020-01-28,-41.6999999999997,14.95
2020-01-29,-41.6999999999997,14.95
2020-01-30,-41.6999999999997,14.88
2020-01-31,-41.58999999999971,14.4
2020-02-01,-41.76999999999971,14.4
2020-02-03,-41.74999999999971,14.37
2020-02-04,-41.82999999999971,14.5
2020-02-05,-41.61999999999971,14.9
2020-02-06,-41.58999999999971,14.78
2020-02-07,-41.37999999999972,14.78
2020-02-08,-41.46999999999972,14.78
2020-02-10,-41.44999999999971,14.37
2020-02-11,-41.60999999999971,14.58
2020-02-12,-41.55999999999971,14.55
2020-02-13,-41.649999999999714,14.59
2020-02-14,-41.93999999999971,14.54
2020-02-15,-42.329999999999714,14.54
2020-02-18,-42.30999999999971,14.6
2020-02-19,-42.399999999999714,14.9
2020-02-20,-42.44999999999972,14.97
2020-02-21,-42.52999999999972,14.71
2020-02-22,-42.68999999999972,14.71
2020-02-24,-42.879999999999725,14.11
2020-02-25,-43.55999999999972,14.0
2020-02-26,-43.50999999999972,13.69
2020-02-27,-43.58999999999971,12.85
2020-02-28,-43.53999999999972,12.68
2020-02-29,-43.509999999999714,12.68
2020-03-02,-43.399999999999714,12.9
2020-03-03,-43.27999999999971,12.58
2020-03-04,-43.26999999999971,12.56
2020-03-05,-43.36999999999971,12.24
2020-03-06,-43.43999999999971,11.5
2020-03-07,-43.49999999999972,11.5
2020-03-09,-43.69999999999972,8.34
2020-03-10,-44.68999999999972,8.46
2020-03-11,-44.78999999999972,7.91
2020-03-12,-44.85999999999972,6.53
2020-03-13,-44.84999999999972,6.93
2020-03-14,-45.03999999999972,6.93
2020-03-16,-45.13999999999972,6.0
2020-03-19,-45.32999999999973,4.99
2020-03-20,-45.31999999999973,5.13
2020-03-21,-45.30999999999973,5.13
2020-03-23,-45.29999999999973,5.02
2020-03-24,-45.29999999999973,5.45
2020-03-25,-45.29999999999973,6.01
2020-03-26,-45.19999999999973,5.79
2020-03-27,-45.17999999999973,5.31
2020-03-28,-45.06999999999973,5.31
2020-03-31,-45.26999999999973,6.85
2020-04-01,-45.33999999999973,6.51
2020-04-02,-45.53999999999973,7.34
2020-04-03,-45.52999999999973,7.14
2020-04-04,-45.51999999999973,7.14
2020-04-06,-45.41999999999973,7.3
2020-04-07,-45.49999999999973,7.34
2020-04-08,-45.58999999999973,7.62
2020-04-09,-45.689999999999735,7.45
2020-04-11,-45.66999999999973,7.45
2020-04-14,-45.46999999999973,7.22
2020-04-15,-45.55999999999973,6.92
2020-04-16,-45.45999999999973,6.65
2020-04-17,-45.44999999999973,7.18
2020-04-18,-45.34999999999973,7.18
2020-04-21,-45.54999999999973,7.0
2020-04-22,-45.649999999999736,7.43
2020-04-23,-45.829999999999735,7.64
2020-04-24,-45.829999999999735,7.55
2020-04-25,-45.829999999999735,7.55
2020-04-27,-45.81999999999974,7.55
2020-04-28,-45.90999999999974,7.95
2020-04-29,-45.89999999999974,8.9
2020-04-30,-45.78999999999974,8.84
2020-05-01,-45.76999999999974,8.43
2020-05-02,-45.859999999999744,8.43
2020-05-05,-45.859999999999744,8.58
2020-05-06,-46.04999999999975,8.2
2020-05-07,-45.929999999999744,8.2
2020-05-08,-46.319999999999744,8.39
2020-05-09,-46.41999999999975,8.39
2020-05-11,-46.319999999999744,8.52
2020-05-12,-46.50999999999975,8.52
2020-05-13,-46.59999999999975,8.4
2020-05-14,-46.89999999999975,7.99
2020-05-15,-46.99999999999975,8.37
2020-05-16,-47.07999999999975,8.37
2020-05-19,-47.03999999999975,8.84
2020-05-20,-47.01999999999975,9.28
2020-05-21,-47.01999999999975,9.1
2020-05-22,-47.10999999999975,9.1
2020-05-23,-47.09999999999975,9.1
2020-05-26,-47.16999999999975,9.14
2020-05-27,-47.26999999999976,9.11
2020-05-28,-47.36999999999976,9.09
2020-05-29,-47.45999999999976,8.96
2020-05-30,-47.44999999999976,8.96
2020-06-01,-47.54999999999976,9.07
2020-06-02,-47.54999999999976,9.38
2020-06-03,-47.44999999999976,9.52
2020-06-04,-47.54999999999976,9.8
2020-06-05,-47.43999999999976,10.52
2020-06-06,-47.32999999999976,10.52
2020-06-09,-47.11999999999976,10.59
2020-06-10,-47.109999999999765,10.11
2020-06-12,-47.109999999999765,9.11
2020-06-15,-47.29999999999977,9.25
2020-06-16,-47.18999999999977,9.36
2020-06-17,-47.38999999999977,8.97
2020-06-18,-47.47999999999978,8.86
2020-06-19,-47.57999999999978,8.94
2020-06-20,-47.47999999999978,8.94
2020-06-23,-47.46999999999978,9.09
2020-06-24,-47.64999999999978,8.74
2020-06-25,-47.53999999999978,8.65
2020-06-26,-47.62999999999978,8.52
2020-06-27,-47.51999999999978,8.52
2020-06-30,-47.41999999999978,8.8
2020-07-02,-47.38999999999978,9.01
2020-07-03,-47.46999999999978,9.01
2020-07-04,-47.56999999999978,9.01
2020-07-06,-47.55999999999978,9.01
2020-07-08,-47.649999999999785,9.01
2020-07-10,-47.74999999999979,8.42
2020-07-11,-47.63999999999979,8.42
2020-07-14,-47.73999999999979,8.79
2020-07-16,-47.83999999999979,8.9
2020-07-17,-47.81999999999979,8.95
2020-07-18,-47.91999999999979,8.95
2020-07-20,-47.90999999999979,8.58
2020-07-22,-47.999999999999794,9.26
2020-07-23,-48.1999999999998,9.07
2020-07-24,-48.1999999999998,9.07
2020-07-25,-48.2899999999998,9.07
2020-07-27,-48.1899999999998,9.09
2020-07-29,-48.3899999999998,8.93
2020-07-30,-48.189999999999806,8.93
2020-07-31,-47.98999999999981,8.6
2020-08-01,-48.08999999999981,8.6
2020-08-05,-48.07999999999981,9.21
2020-08-06,-48.16999999999982,9.35
2020-08-07,-48.249999999999815,9.41
2020-08-08,-48.14999999999981,9.41
2020-08-10,-48.04999999999981,9.67
2020-08-11,-48.03999999999981,10.04
2020-08-12,-47.83999999999981,9.76
2020-08-14,-47.929999999999815,9.72
2020-08-18,-47.80999999999981,9.61
2020-08-19,-47.60999999999981,9.57
2020-08-21,-47.509999999999806,9.15
2020-08-22,-47.409999999999805,9.15
2020-08-24,-47.3099999999998,9.15
2020-08-26,-47.1899999999998,9.38
2020-08-27,-47.1799999999998,9.32
2020-08-28,-47.26999999999981,9.32
2020-09-02,-47.35999999999981,9.32
2020-09-03,-47.45999999999981,8.99
2020-09-04,-47.339999999999804,8.86
2020-09-05,-47.339999999999804,8.86
2020-09-08,-47.2399999999998,8.28
2020-09-09,-47.42999999999981,8.4
2020-09-10,-47.229999999999805,8.24
2020-09-11,-47.2099999999998,8.15
2020-09-12,-47.1099999999998,8.15
2020-09-14,-47.0999999999998,8.13
2020-09-15,-46.9899999999998,8.13
2020-09-16,-46.7899999999998,8.4
2020-09-17,-46.7699999999998,8.4
2020-09-18,-46.8599999999998,8.23
2020-09-19,-46.7599999999998,8.23
2020-09-21,-46.6599999999998,7.87
2020-09-22,-46.7499999999998,7.97
2020-09-23,-46.6399999999998,7.77
2020-09-24,-46.8199999999998,7.73
2020-09-25,-46.8099999999998,7.67
2020-09-26,-46.5999999999998,7.67
2020-09-29,-46.4999999999998,7.59
2020-09-30,-46.3899999999998,7.58
2020-10-01,-46.37999999999981,7.27
2020-10-02,-46.37999999999981,7.34
2020-10-03,-46.57999999999981,7.34
2020-10-05,-46.67999999999981,7.52
2020-10-06,-46.759999999999806,7.55
2020-10-07,-46.84999999999981,7.65
2020-10-08,-46.92999999999981,8.16
2020-10-09,-47.02999999999981,7.98
2020-10-10,-47.12999999999981,7.98
2020-10-15,-46.82999999999981,7.87
2020-10-16,-46.929999999999815,7.85
2020-10-17,-46.80999999999981,7.85
2020-10-19,-46.69999999999981,7.7
2020-10-20,-46.76999999999981,7.7
2020-10-21,-46.65999999999981,7.63
2020-10-23,-46.359999999999815,8.08
2020-10-24,-46.429999999999815,8.08
2020-10-26,-46.319999999999816,7.63
2020-10-27,-46.40999999999982,7.71
2020-10-28,-46.39999999999982,7.4
2020-10-29,-46.489999999999824,7.34
2020-10-30,-46.47999999999983,7.34
2020-10-31,-46.56999999999983,7.34
2020-11-03,-46.66999999999983,7.65
2020-11-05,-46.85999999999984,7.77
2020-11-06,-46.94999999999984,7.64
2020-11-07,-46.82999999999984,7.64
2020-11-09,-46.81999999999984,8.84
2020-11-10,-46.59999999999983,9.08
2020-11-12,-46.59999999999983,8.67
2020-11-13,-46.46999999999983,8.84
2020-11-17,-46.36999999999983,9.57
2020-11-18,-46.15999999999983,9.35
2020-11-19,-46.34999999999983,9.3
2020-11-20,-46.33999999999983,9.45
2020-11-21,-46.03999999999984,9.45
2020-11-24,-45.83999999999983,10.76
2020-11-25,-46.02999999999984,10.68
2020-11-26,-45.92999999999984,10.55
2020-11-27,-45.82999999999984,10.53
2020-11-28,-45.80999999999983,10.53
2020-11-30,-45.90999999999983,10.0
2020-12-01,-45.77999999999983,9.92
2020-12-02,-45.66999999999983,10.16
2020-12-03,-45.66999999999983,10.3
2020-12-04,-45.55999999999983,10.77
2020-12-05,-45.64999999999984,10.77
2020-12-08,-45.52999999999983,10.69
2020-12-09,-45.60999999999983,10.71
2020-12-10,-45.79999999999984,11.24
2020-12-11,-45.69999999999983,11.33
2020-12-12,-45.87999999999983,11.33
2020-12-15,-45.75999999999983,10.97
2020-12-16,-45.85999999999983,10.87
2020-12-17,-45.62999999999983,10.89
2020-12-18,-45.81999999999983,10.83
2020-12-19,-45.70999999999983,10.83
2020-12-21,-45.69999999999983,10.55
2020-12-22,-45.59999999999983,10.29
2020-12-26,-45.28999999999984,10.29
2020-12-29,-45.37999999999984,10.65
2020-12-30,-45.27999999999984,10.82
2020-12-31,-45.25999999999984,10.8
2021-01-05,-45.15999999999983,11.5
2021-01-06,-44.95999999999983,11.61
2021-01-07,-44.93999999999983,11.71
2021-01-13,-45.03999999999983,11.74
2021-01-14,-45.03999999999983,12.08
2021-01-15,-45.12999999999983,11.44
2021-01-16,-45.22999999999983,11.44
2021-01-18,-45.22999999999983,11.33
2021-01-19,-45.50999999999983,11.67
2021-01-20,-45.70999999999983,11.53
2021-01-21,-45.95999999999983,11.35
2021-01-22,-46.04999999999984,11.14
2021-01-23,-46.13999999999984,11.14
2021-01-26,-46.12999999999984,10.78
2021-01-27,-46.11999999999984,10.78
2021-01-29,-46.09999999999984,10.59
2021-01-30,-46.19999999999984,10.59
2021-02-02,-46.29999999999984,10.99
2021-02-03,-46.29999999999984,11.32
2021-02-04,-46.29999999999984,11.43
2021-02-05,-46.28999999999984,11.53
2021-02-06,-46.379999999999846,11.53
2021-02-08,-46.36999999999985,11.8
2021-02-09,-46.35999999999985,11.63
2021-02-10,-46.35999999999985,11.93
2021-02-11,-46.159999999999854,11.91
2021-02-12,-46.24999999999986,12.15
2021-02-13,-46.23999999999986,12.15
2021-02-16,-46.53999999999986,12.57
2021-02-18,-46.63999999999986,12.53
2021-02-19,-46.53999999999986,12.5
2021-02-20,-46.519999999999854,12.5
2021-02-22,-46.509999999999856,13.12
2021-02-23,-46.39999999999986,13.26
2021-02-25,-46.16999999999985,13.2
2021-02-26,-46.56999999999985,12.93
2021-02-27,-46.35999999999985,12.93
2021-03-02,-46.25999999999985,13.26
2021-03-03,-46.15999999999985,13.46
2021-03-04,-45.82999999999985,13.78
2021-03-05,-45.71999999999985,14.26
2021-03-06,-45.49999999999985,14.26
2021-03-08,-45.48999999999985,14.13
2021-03-09,-45.46999999999985,14.12
2021-03-10,-45.54999999999985,14.62
2021-03-11,-45.43999999999985,14.76
2021-03-12,-45.51999999999985,14.82
2021-03-13,-45.489999999999846,14.82
2021-03-16,-45.379999999999846,14.23
2021-03-17,-45.349999999999845,14.56
2021-03-18,-45.44999999999985,13.61
2021-03-19,-45.42999999999984,14.05
2021-03-20,-45.529999999999845,14.05
2021-03-22,-45.51999999999985,13.67
2021-03-23,-45.419999999999845,13.16
2021-03-24,-45.40999999999985,13.57
2021-03-25,-45.20999999999985,13.59
2021-03-26,-45.38999999999985,13.78
2021-03-27,-45.28999999999985,13.78
2021-03-29,-45.17999999999985,13.84
2021-03-31,-45.07999999999985,13.75
2021-04-02,-45.17999999999985,13.75
2021-04-03,-45.27999999999985,13.75
2021-04-06,-45.07999999999985,13.91
2021-04-07,-44.869999999999855,13.87
2021-04-08,-44.45999999999986,13.7
2021-04-09,-44.44999999999986,13.68
2021-04-10,-44.42999999999986,13.68
2021-04-13,-44.42999999999986,13.61
2021-04-14,-44.52999999999986,14.02
2021-04-15,-44.509999999999856,13.97
2021-04-16,-44.479999999999855,13.93
2021-04-17,-44.56999999999986,13.93
2021-04-19,-44.46999999999986,13.81
2021-04-20,-44.45999999999986,13.24
2021-04-21,-44.45999999999986,13.34
2021-04-22,-44.44999999999986,13.19
2021-04-23,-44.44999999999986,13.3
2021-04-24,-44.42999999999986,13.3
2021-04-26,-44.409999999999854,13.35
2021-04-27,-44.39999999999986,13.49
2021-04-29,-44.689999999999856,14.02
2021-04-30,-44.659999999999854,13.87
2021-05-01,-44.55999999999985,13.87
2021-05-04,-44.759999999999856,14.19
2021-05-05,-45.14999999999986,14.59
2021-05-06,-45.23999999999986,14.7
2021-05-07,-45.22999999999986,14.92
2021-05-08,-45.32999999999986,14.92
2021-05-10,-45.429999999999865,14.85
2021-05-11,-45.51999999999987,14.61
2021-05-12,-45.57999999999987,14.81
2021-05-13,-45.64999999999987,14.46
2021-05-14,-45.63999999999987,14.88
2021-05-15,-45.82999999999988,14.88
2021-05-17,-46.01999999999988,15.25
2021-05-18,-45.80999999999988,15.19
2021-05-19,-45.70999999999988,14.64
2021-05-20,-45.399999999999885,14.52
2021-05-21,-45.38999999999989,14.65
2021-05-22,-45.48999999999989,14.65
2021-05-25,-45.47999999999989,14.51
2021-05-26,-45.56999999999989,14.75
2021-05-27,-45.46999999999989,14.89
2021-05-28,-45.33999999999989,15.01
2021-05-29,-45.32999999999989,15.01
2021-05-31,-45.22999999999989,15.3
2021-06-01,-45.12999999999989,15.88
2021-06-02,-45.02999999999989,16.21
2021-06-03,-45.01999999999989,16.17
2021-06-04,-45.09999999999989,16.37
2021-06-05,-44.999999999999886,16.37
2021-06-07,-45.19999999999989,16.33
2021-06-09,-45.08999999999989,16.4
2021-06-10,-45.07999999999989,16.5
2021-06-11,-45.27999999999989,16.63
2021-06-12,-45.27999999999989,16.63
2021-06-14,-45.179999999999886,16.7
2021-06-15,-45.37999999999989,17.01
2021-06-16,-45.34999999999989,16.79
2021-06-17,-45.33999999999989,16.1
2021-06-18,-45.13999999999989,15.96
2021-06-19,-45.039999999999885,15.96
2021-06-21,-45.01999999999988,16.5
2021-06-22,-44.91999999999988,16.57
2021-06-23,-44.90999999999988,16.67
2021-06-24,-45.07999999999988,16.7
2021-06-25,-45.07999999999988,16.76
2021-06-26,-45.059999999999874,16.76
2021-06-30,-45.12999999999988,16.36
2021-07-02,-45.01999999999988,16.54
2021-07-03,-45.01999999999988,16.54
2021-07-06,-45.09999999999987,16.43
2021-07-07,-45.07999999999987,16.02
2021-07-08,-44.96999999999987,15.91
2021-07-09,-44.92999999999987,16.05
2021-07-10,-44.81999999999987,16.05
2021-07-12,-44.81999999999987,15.92
2021-07-13,-44.70999999999987,15.99
2021-07-14,-44.48999999999987,15.6
2021-07-15,-44.46999999999986,15.32
2021-07-16,-44.55999999999987,14.82
2021-07-17,-44.639999999999866,14.82
2021-07-19,-44.819999999999865,14.24
2021-07-20,-44.60999999999986,14.48
2021-07-21,-44.58999999999986,14.85
2021-07-22,-44.78999999999986,14.85
2021-07-23,-44.679999999999865,14.89
2021-07-26,-44.66999999999987,15.05
2021-07-27,-44.55999999999987,14.61
2021-07-28,-44.64999999999987,14.74
2021-07-29,-44.54999999999987,15.11
2021-07-30,-44.349999999999866,14.66
2021-07-31,-44.249999999999865,14.66
2021-08-03,-44.14999999999986,14.9
2021-08-04,-44.23999999999987,14.2
2021-08-05,-44.22999999999987,14.35
2021-08-06,-44.11999999999987,14.51
2021-08-07,-44.21999999999987,14.51
2021-08-10,-44.11999999999987,14.61
2021-08-11,-44.099999999999866,14.59
2021-08-12,-43.98999999999987,14.51
2021-08-13,-43.97999999999987,14.33
2021-08-14,-44.07999999999987,14.33
2021-08-16,-43.97999999999987,14.0
2021-08-17,-44.06999999999987,13.75
2021-08-20,-44.059999999999874,13.39
2021-08-21,-44.15999999999988,13.39
2021-08-24,-44.14999999999988,14.03
2021-08-25,-43.90999999999988,14.13
2021-08-26,-43.90999999999988,14.2
2021-08-27,-43.70999999999987,14.62
2021-08-28,-43.48999999999987,14.62
2021-08-30,-43.46999999999986,14.49
2021-08-31,-43.26999999999986,14.46
2021-09-01,-43.26999999999986,14.51
2021-09-03,-43.26999999999986,14.95
2021-09-07,-43.16999999999986,14.83
2021-09-11,-43.15999999999986,14.83
2021-09-13,-43.25999999999986,15.37
2021-09-14,-43.35999999999986,15.17
2021-09-15,-43.25999999999986,15.8
2021-09-21,-43.14999999999986,15.08
2021-09-22,-43.04999999999986,15.81
2021-09-23,-43.03999999999986,16.25
2021-09-24,-43.11999999999986,16.42
2021-09-25,-43.209999999999866,16.42
2021-09-28,-43.28999999999986,16.97
2021-09-29,-43.18999999999986,17.12
2021-09-30,-43.08999999999986,17.26
2021-10-01,-43.06999999999986,17.27
2021-10-02,-43.05999999999986,17.27
2021-10-05,-43.13999999999986,18.14
2021-10-06,-43.23999999999986,17.69
2021-10-07,-43.12999999999986,18.12
2021-10-08,-43.01999999999986,18.46
2021-10-09,-42.81999999999986,18.46
2021-10-12,-42.71999999999986,18.43
2021-10-14,-42.80999999999986,18.72
2021-10-15,-42.79999999999986,18.81
2021-10-16,-42.78999999999986,18.81
2021-10-18,-42.779999999999866,18.43
2021-10-20,-42.85999999999986,18.75
2021-10-21,-42.749999999999865,18.29
2021-10-22,-42.62999999999986,18.68
2021-10-23,-42.819999999999865,18.68
2021-10-26,-42.79999999999986,19.02
2021-10-27,-42.98999999999986,18.57
2021-10-28,-43.03999999999986,19.24
2021-10-29,-43.00999999999986,19.37
2021-10-30,-42.76999999999986,19.37
2021-11-02,-42.76999999999986,19.45
2021-11-03,-42.65999999999986,19.21
2021-11-04,-42.63999999999986,19.4
2021-11-05,-42.519999999999854,19.95
2021-11-06,-42.59999999999985,19.95
2021-11-09,-42.59999999999985,20.07
2021-11-10,-42.589999999999854,19.6
2021-11-12,-42.56999999999985,19.57
2021-11-13,-42.55999999999985,19.57
2021-11-15,-42.449999999999854,19.6
2021-11-16,-42.339999999999854,19.63
2021-11-17,-42.339999999999854,19.47
2021-11-18,-42.12999999999985,19.66
2021-11-19,-41.92999999999985,18.96
2021-11-20,-41.82999999999985,18.96
2021-11-23,-41.90999999999985,19.86
2021-11-24,-42.29999999999985,20.18
2021-11-26,-42.38999999999985,19.18
2021-11-27,-42.68999999999985,19.18
2021-11-30,-42.58999999999985,18.84
2021-12-01,-42.67999999999985,18.54
2021-12-03,-42.46999999999985,18.72
2021-12-04,-42.45999999999985,18.72
2021-12-08,-42.159999999999854,19.71
2021-12-09,-42.03999999999985,19.39
2021-12-10,-41.83999999999985,19.24
2021-12-11,-41.82999999999985,19.24
2021-12-15,-41.81999999999985,18.41
2021-12-16,-41.71999999999985,18.75
2021-12-17,-41.61999999999985,18.36
2021-12-18,-41.51999999999985,18.36
2021-12-27,-41.50999999999985,18.36
2021-12-28,-41.40999999999985,18.36
2021-12-29,-41.38999999999984,19.73
2021-12-30,-41.279999999999845,19.53
2021-12-31,-41.26999999999985,19.6
2022-01-04,-41.169999999999845,20.36
2022-01-05,-41.15999999999985,20.46
2022-01-07,-41.059999999999846,21.2
2022-01-08,-40.959999999999845,21.2
2022-01-10,-40.85999999999984,21.24
2022-01-13,-40.85999999999984,22.11
2022-01-14,-40.94999999999985,22.81
2022-01-15,-40.92999999999984,22.81
2022-01-19,-40.72999999999984,23.0
2022-01-21,-40.61999999999984,21.93
2022-01-26,-40.60999999999984,22.31
2022-01-27,-40.599999999999845,22.74
2022-01-28,-40.599999999999845,22.83
2022-01-29,-40.49999999999984,22.83
2022-02-04,-40.68999999999985,24.11
2022-02-07,-40.78999999999985,23.94
2022-02-10,-40.88999999999985,23.49
2022-02-12,-40.87999999999985,23.49
2022-02-17,-40.77999999999985,24.24
2022-02-18,-40.66999999999985,23.66
2022-02-19,-40.85999999999986,23.66
2022-02-23,-40.85999999999986,23.76
2022-02-24,-40.73999999999985,23.91
2022-02-25,-40.42999999999986,24.44
2022-02-26,-40.62999999999985,24.44
2022-02-28,-40.519999999999854,25.07
2022-03-01,-40.49999999999985,25.37
2022-03-02,-40.48999999999985,25.59
2022-03-03,-40.17999999999986,25.3
2022-03-04,-40.13999999999986,26.08
2022-03-05,-40.119999999999855,26.08
2022-03-08,-40.21999999999986,26.89
2022-03-09,-40.20999999999986,25.96
2022-03-10,-39.89999999999986,26.38
2022-03-11,-39.97999999999986,26.45
2022-03-12,-40.15999999999986,26.45
2022-03-15,-40.04999999999986,24.79
2022-03-16,-39.94999999999986,24.87
2022-03-18,-39.64999999999986,25.62
2022-03-19,-39.44999999999986,25.62
2022-03-22,-39.33999999999986,26.48
2022-03-23,-39.43999999999986,27.04
2022-03-24,-39.53999999999986,27.01
2022-03-25,-39.429999999999865,27.7
2022-03-26,-39.32999999999986,27.7
2022-03-28,-39.319999999999865,27.16
2022-03-29,-39.30999999999987,26.98
2022-03-30,-39.29999999999987,27.14
2022-03-31,-39.18999999999987,26.91
2022-04-01,-39.17999999999987,27.27
2022-04-02,-39.06999999999987,27.27
2022-04-04,-39.059999999999874,27.64
2022-04-05,-39.14999999999988,27.29
2022-04-06,-39.03999999999988,26.96
2022-04-07,-38.93999999999988,27.35
2022-04-08,-38.92999999999988,27.97
2022-04-09,-39.00999999999988,27.97
2022-04-12,-38.90999999999988,27.92
2022-04-13,-38.96999999999988,28.44
2022-04-15,-38.85999999999988,28.44
2022-04-16,-38.95999999999988,28.44
2022-04-20,-38.85999999999988,29.5
2022-04-21,-38.72999999999988,28.79
2022-04-22,-38.71999999999988,27.86
2022-04-26,-38.70999999999988,27.55
2022-04-27,-38.50999999999989,28.11
2022-04-28,-38.29999999999988,29.61
2022-04-29,-38.399999999999885,29.1
2022-04-30,-38.499999999999886,29.1
2022-05-02,-38.48999999999989,28.97
2022-05-04,-38.469999999999885,30.83
2022-05-06,-38.45999999999989,30.44
2022-05-07,-38.23999999999988,30.44
2022-05-09,-38.22999999999988,28.4
2022-05-11,-38.219999999999885,28.78
2022-05-13,-38.31999999999989,29.8
2022-05-17,-38.50999999999989,30.76
2022-05-18,-38.39999999999989,30.23
2022-05-19,-38.19999999999989,30.5
2022-05-20,-37.98999999999989,30.5
2022-05-21,-37.88999999999989,30.5
2022-05-26,-37.969999999999885,32.11
2022-05-28,-37.95999999999989,32.11
2022-05-31,-37.84999999999989,32.66
2022-06-01,-37.829999999999885,33.13
2022-06-03,-37.72999999999988,33.22
2022-06-04,-37.719999999999885,33.22
2022-06-06,-37.70999999999989,33.5
2022-06-07,-37.499999999999886,34.3
2022-06-08,-37.38999999999989,34.44
2022-06-09,-37.08999999999989,34.3
2022-06-14,-36.98999999999989,31.99
2022-06-16,-36.97999999999989,29.9
2022-06-18,-36.86999999999989,29.9
2022-06-22,-36.66999999999989,28.03
2022-06-23,-36.469999999999885,26.02
2022-06-27,-36.56999999999989,28.19
2022-06-28,-36.65999999999989,29.37
2022-06-29,-36.559999999999896,28.22
2022-06-30,-36.35999999999989,27.72
2022-07-02,-36.349999999999895,27.72
2022-07-05,-36.349999999999895,26.54
2022-07-07,-36.3399999999999,26.7
2022-07-08,-36.3299999999999,26.39
2022-07-13,-36.5099999999999,25.28
2022-07-14,-36.5999999999999,24.51
2022-07-15,-36.6999999999999,25.04
2022-07-16,-36.589999999999904,25.04
2022-07-18,-36.4899999999999,25.94
2022-07-19,-36.4899999999999,26.57
2022-07-20,-36.589999999999904,26.94
2022-07-21,-36.6799999999999,26.38
2022-07-22,-36.4799999999999,26.39
2022-07-23,-36.4399999999999,26.39
2022-07-26,-36.419999999999895,26.8
2022-07-28,-36.5199999999999,27.9
2022-07-29,-36.5199999999999,29.0
2022-07-30,-36.4099999999999,29.0
2022-08-04,-36.2999999999999,26.3
2022-08-05,-36.599999999999895,26.54
2022-08-06,-36.5899999999999,26.54
2022-08-11,-36.4799999999999,28.18
2022-08-13,-36.2699999999999,28.18
2022-08-17,-36.14999999999989,27.9
2022-08-18,-36.13999999999989,28.78
2022-08-19,-36.239999999999895,28.71
2022-08-20,-36.129999999999896,28.71
2022-08-23,-36.0199999999999,29.66
2022-08-24,-36.0199999999999,29.91
2022-08-25,-36.0099999999999,30.29
2022-08-27,-36.1099999999999,30.29
2022-08-30,-36.1899999999999,29.58
2022-09-01,-35.989999999999895,28.5
2022-09-02,-36.0899999999999,29.08
2022-09-03,-36.1799999999999,29.08
2022-09-07,-36.0699999999999,27.52
2022-09-08,-35.9599999999999,27.52
2022-09-09,-35.9499999999999,28.66
2022-09-10,-35.939999999999905,28.66
2022-09-15,-36.03999999999991,29.09
2022-09-16,-36.12999999999991,28.42
2022-09-17,-36.11999999999991,28.42
2022-09-19,-36.21999999999992,28.02
2022-09-20,-36.20999999999992,28.36
2022-09-22,-36.00999999999991,27.74
2022-09-23,-36.10999999999992,25.56
2022-09-24,-36.10999999999992,25.56
2022-09-28,-36.19999999999992,26.21
2022-09-29,-36.09999999999992,26.37
2022-09-30,-36.18999999999992,26.4
2022-10-04,-36.07999999999992,28.73
2022-10-05,-36.05999999999992,29.77
2022-10-07,-36.05999999999992,30.68
2022-10-08,-36.03999999999992,30.68
2022-10-12,-36.02999999999992,29.01
2022-10-13,-36.02999999999992,30.14
2022-10-14,-36.12999999999992,29.33
2022-10-15,-36.11999999999992,29.33
2022-10-17,-36.01999999999992,29.12
2022-10-18,-36.00999999999992,28.75
2022-10-19,-35.90999999999992,29.82
2022-10-20,-35.70999999999992,30.3
2022-10-21,-35.68999999999991,30.85
2022-10-22,-35.679999999999914,30.85
2022-10-25,-35.76999999999992,31.22
2022-10-28,-35.95999999999992,31.27
2022-10-29,-35.84999999999992,31.27
2022-11-01,-35.949999999999925,32.63
2022-11-03,-35.93999999999993,33.25
2022-11-04,-36.019999999999925,33.26
2022-11-05,-35.81999999999992,33.26
2022-11-07,-35.809999999999924,33.3
2022-11-08,-35.78999999999992,33.04
2022-11-09,-35.88999999999992,31.75
2022-11-10,-35.85999999999992,32.39
2022-11-12,-35.75999999999992,32.39
2022-11-15,-35.65999999999992,33.19
2022-11-19,-35.84999999999992,33.19
2022-11-21,-35.93999999999993,31.75
2022-11-23,-35.839999999999925,32.25
2022-11-24,-35.63999999999992,32.32
2022-11-25,-35.53999999999992,32.29
2022-11-29,-35.43999999999992,32.22
2022-11-30,-35.53999999999992,31.92
2022-12-01,-35.43999999999992,31.74
2022-12-05,-35.41999999999992,30.79
2022-12-07,-35.219999999999914,29.57
2022-12-08,-35.20999999999992,29.29
2022-12-09,-35.20999999999992,29.3
2022-12-10,-35.19999999999992,29.3
2022-12-14,-35.08999999999992,29.87
2022-12-15,-35.18999999999992,29.54
2022-12-16,-35.08999999999992,28.9
2022-12-20,-34.98999999999992,29.1
2022-12-21,-34.97999999999992,29.1
2022-12-22,-34.96999999999992,28.98
2022-12-31,-34.95999999999992,28.98
2023-01-04,-34.949999999999925,27.88
2023-01-06,-34.949999999999925,28.87
2023-01-09,-34.93999999999993,29.07
2023-01-10,-34.92999999999993,28.75
2023-01-11,-34.92999999999993,29.07
2023-01-12,-34.81999999999993,29.87
2023-01-14,-34.80999999999993,29.87
2023-01-17,-34.79999999999993,30.54
2023-01-18,-34.69999999999993,30.4
2023-01-19,-34.479999999999926,30.82
2023-01-21,-34.27999999999992,30.82
2023-01-24,-34.269999999999925,30.9
2023-01-25,-34.16999999999992,30.55
2023-01-26,-34.269999999999925,31.08
2023-01-27,-34.14999999999992,31.58
2023-01-28,-34.11999999999992,31.58
2023-01-31,-34.19999999999992,31.2
2023-02-01,-34.19999999999992,30.4
2023-02-02,-34.19999999999992,29.5
2023-02-03,-34.18999999999992,29.78
2023-02-04,-34.08999999999992,29.78
2023-02-07,-33.98999999999992,30.5
2023-02-08,-33.889999999999915,30.57
2023-02-09,-33.87999999999992,30.4
2023-02-10,-33.859999999999914,31.05
2023-02-11,-33.75999999999991,31.05
2023-02-14,-33.859999999999914,31.15
2023-02-15,-33.95999999999992,30.85
2023-02-17,-33.94999999999992,29.32
2023-02-18,-33.84999999999992,29.32
2023-02-21,-33.93999999999992,29.56
2023-02-22,-33.92999999999992,28.95
2023-02-23,-33.91999999999992,29.46
2023-02-25,-33.909999999999926,29.46
2023-02-28,-33.699999999999925,29.95
2023-03-02,-33.49999999999992,30.9
2023-03-04,-33.489999999999924,30.9
2023-03-06,-33.479999999999926,31.13
2023-03-07,-33.67999999999993,30.57
2023-03-08,-33.559999999999924,30.55
2023-03-09,-33.64999999999993,30.54
2023-03-10,-33.74999999999993,30.16
2023-03-11,-33.73999999999993,30.16
2023-03-14,-33.72999999999993,28.41
2023-03-15,-33.61999999999993,26.84
2023-03-16,-33.719999999999935,27.11
2023-03-17,-33.70999999999994,26.73
2023-03-18,-33.509999999999934,26.73
2023-03-21,-33.70999999999994,28.34
2023-03-23,-33.69999999999994,27.45
2023-03-24,-33.68999999999994,27.24
2023-03-28,-33.889999999999944,28.11
2023-03-29,-33.68999999999994,28.53
2023-03-31,-33.78999999999994,28.83
2023-04-04,-33.58999999999994,30.0
2023-04-05,-33.57999999999994,29.95
2023-04-08,-33.46999999999994,29.95
2023-04-11,-33.36999999999994,30.1
2023-04-12,-33.35999999999994,30.4
2023-04-14,-33.459999999999944,30.57
2023-04-15,-33.419999999999945,30.57
2023-04-18,-33.40999999999995,30.35
2023-04-20,-33.39999999999995,29.74
2023-04-21,-33.38999999999995,29.86
2023-04-22,-33.56999999999995,29.86
2023-04-25,-33.56999999999995,29.51
2023-04-27,-33.55999999999995,29.51
2023-04-28,-33.549999999999955,29.96
2023-04-29,-33.439999999999955,29.96
2023-05-02,-33.339999999999954,28.27
2023-05-03,-33.32999999999996,27.75
2023-05-05,-33.31999999999996,28.37
2023-05-06,-33.21999999999996,28.37
2023-05-09,-33.41999999999996,28.3
2023-05-10,-33.40999999999996,28.25
2023-05-11,-33.39999999999996,27.81
2023-05-12,-33.499999999999964,27.74
2023-05-13,-33.58999999999997,27.74
2023-05-15,-33.68999999999997,28.25
2023-05-17,-33.58999999999997,27.9
2023-05-20,-33.47999999999997,27.9
2023-05-23,-33.57999999999997,28.75
2023-05-24,-33.55999999999997,28.75
2023-05-25,-33.459999999999965,28.27
2023-05-26,-33.44999999999997,28.24
2023-05-27,-33.43999999999997,28.24
2023-05-30,-33.23999999999997,27.77
2023-05-31,-33.23999999999997,27.36
2023-06-01,-33.01999999999996,27.36
2023-06-08,-32.91999999999996,28.84
2023-06-09,-32.80999999999996,28.84
2023-06-10,-32.69999999999996,28.84
2023-06-13,-32.48999999999996,28.65
2023-06-14,-32.37999999999996,28.25
2023-06-15,-32.26999999999996,28.53
2023-06-16,-32.359999999999964,28.4
2023-06-20,-32.349999999999966,27.65
2023-06-21,-32.43999999999997,28.1
2023-06-22,-32.23999999999997,27.61
2023-06-23,-32.22999999999997,27.31
2023-06-24,-32.21999999999997,27.31
2023-06-27,-32.309999999999974,27.7
2023-06-29,-32.39999999999998,28.33
2023-06-30,-32.199999999999974,28.61
2023-07-01,-32.299999999999976,28.61
2023-07-05,-32.27999999999997,28.79
2023-07-06,-32.16999999999997,28.11
2023-07-08,-32.14999999999997,28.11
2023-07-11,-32.13999999999997,29.31
2023-07-12,-32.129999999999974,29.51
2023-07-13,-32.02999999999997,29.46
2023-07-14,-32.019999999999975,29.56
2023-07-15,-32.00999999999998,29.56
2023-07-18,-31.979999999999976,29.45
2023-07-19,-31.87999999999997,29.66
2023-07-20,-31.779999999999973,29.53
2023-07-21,-31.759999999999973,29.84
2023-07-22,-31.85999999999997,29.84
2023-07-25,-31.759999999999973,30.49
2023-07-26,-31.65999999999997,30.39
2023-07-28,-31.74999999999997,31.0
2023-07-29,-31.73999999999997,31.0
2023-08-01,-31.83999999999997,31.28
2023-08-02,-31.72999999999997,30.81
2023-08-03,-31.81999999999997,31.28
2023-08-05,-32.01999999999997,31.28
2023-08-08,-31.91999999999997,31.73
2023-08-10,-31.899999999999967,32.16
2023-08-11,-31.889999999999965,32.45
2023-08-12,-31.879999999999963,32.45
2023-08-15,-32.07999999999996,31.64
2023-08-16,-31.879999999999963,31.87
2023-08-19,-31.969999999999963,31.87
2023-08-22,-31.85999999999996,32.31
2023-08-25,-31.95999999999996,32.12
2023-08-26,-31.85999999999996,32.12
2023-08-29,-31.73999999999996,33.17
2023-08-31,-31.82999999999996,33.52
2023-09-01,-31.72999999999996,34.12
2023-09-02,-31.81999999999996,34.12
2023-09-05,-31.709999999999955,34.33
2023-09-07,-31.609999999999957,34.22
2023-09-08,-31.809999999999956,34.57
2023-09-12,-31.609999999999957,34.27
2023-09-13,-31.489999999999952,34.03
2023-09-14,-31.47999999999995,34.52
2023-09-15,-31.46999999999995,34.57
2023-09-16,-31.64999999999995,34.57
2023-09-18,-31.639999999999947,34.35
2023-09-19,-31.729999999999947,34.0
2023-09-20,-31.709999999999948,33.54
2023-09-21,-31.78999999999995,33.02
2023-09-22,-31.76999999999995,32.98
2023-09-23,-31.75999999999995,32.98
2023-09-25,-31.85999999999995,32.98
2023-09-27,-31.849999999999948,34.63
2023-09-29,-31.839999999999947,34.48
2023-09-30,-31.829999999999945,34.48
2023-10-02,-31.929999999999943,33.54
2023-10-04,-31.829999999999945,32.25
2023-10-05,-31.819999999999943,32.44
2023-10-06,-31.909999999999943,32.79
2023-10-07,-31.89999999999994,32.79
2023-10-11,-31.79999999999994,34.1
2023-10-14,-31.77999999999994,34.1
2023-10-17,-31.86999999999994,35.05
2023-10-18,-31.76999999999994,35.22
2023-10-20,-31.85999999999994,34.88
2023-10-21,-31.94999999999994,34.88
2023-10-25,-31.939999999999937,34.29
2023-10-26,-31.839999999999936,34.05
2023-10-27,-31.739999999999934,34.03
2023-10-28,-31.639999999999937,34.03
2023-10-30,-31.62999999999993,33.94
2023-10-31,-31.819999999999933,34.06
2023-11-01,-31.80999999999993,34.38
2023-11-02,-31.90999999999993,35.22
2023-11-03,-31.899999999999928,34.72
2023-11-04,-31.79999999999993,34.72
2023-11-07,-31.88999999999993,32.99
2023-11-09,-31.879999999999924,32.97
2023-11-14,-31.869999999999923,33.58
2023-11-15,-31.969999999999924,33.59
2023-11-17,-32.06999999999992,33.5
2023-11-18,-31.96999999999992,33.5
2023-11-22,-31.86999999999992,32.53
2023-11-25,-31.94999999999992,32.53
2023-11-27,-32.04999999999992,32.29
2023-11-28,-31.93999999999992,32.57
2023-11-29,-31.909999999999915,32.79
2023-11-30,-31.99999999999991,32.94
2023-12-01,-32.09999999999991,33.07
2023-12-02,-32.19999999999991,33.07
2023-12-05,-32.18999999999991,32.09
2023-12-08,-32.179999999999914,31.02
2023-12-12,-32.26999999999992,29.93
2023-12-13,-32.26999999999992,29.88
2023-12-14,-32.16999999999992,31.21
2023-12-15,-32.25999999999992,30.54
2023-12-18,-32.14999999999992,30.91
2023-12-19,-32.239999999999924,31.34
2023-12-20,-32.229999999999926,31.1
2023-12-22,-32.32999999999993,31.42
2023-12-23,-32.41999999999993,31.42
2023-12-26,-32.39999999999993,31.42
2023-12-29,-32.38999999999993,31.28
2023-12-30,-32.37999999999993,31.28
2024-01-02,-32.36999999999993,31.45
2024-01-05,-32.359999999999935,32.26
2024-01-06,-32.249999999999936,32.26
2024-01-11,-32.149999999999935,31.58
2024-01-13,-32.04999999999993,31.58
2024-01-16,-32.149999999999935,31.05
2024-01-17,-31.949999999999932,30.61
2024-01-18,-31.84999999999993,30.39
2024-01-20,-31.74999999999993,30.39
2024-01-23,-31.63999999999993,30.52
2024-01-25,-31.629999999999928,31.55
2024-01-26,-31.529999999999927,31.66
2024-01-27,-31.419999999999924,31.66
2024-01-29,-31.40999999999992,31.47
2024-01-31,-31.40999999999992,31.5
2024-02-01,-31.39999999999992,31.1
2024-02-02,-31.49999999999992,30.42
2024-02-03,-31.599999999999923,30.42
2024-02-05,-31.58999999999992,30.2
2024-02-07,-31.57999999999992,30.36
2024-02-08,-31.67999999999992,30.84
2024-02-09,-31.57999999999992,30.74
2024-02-13,-31.55999999999992,30.58
2024-02-14,-31.65999999999992,30.59
2024-02-16,-31.55999999999992,32.09
2024-02-17,-31.459999999999923,32.09
2024-02-22,-31.44999999999992,33.06
2024-02-28,-31.23999999999992,33.32
2024-02-29,-31.21999999999992,34.02
2024-03-01,-31.30999999999992,34.79
2024-03-02,-31.20999999999992,34.79
2024-03-05,-31.40999999999992,34.66
2024-03-06,-31.50999999999992,34.73
2024-03-07,-31.50999999999992,34.63
2024-03-08,-31.49999999999992,34.4
2024-03-09,-31.46999999999992,34.4
2024-03-12,-31.36999999999992,34.62
2024-03-14,-31.359999999999918,35.67
2024-03-15,-31.24999999999991,35.68
2024-03-16,-31.23999999999991,35.68
2024-03-20,-31.21999999999991,36.08
2024-03-22,-30.91999999999991,36.16
2024-03-23,-30.819999999999908,36.16
2024-03-27,-30.79999999999991,36.85
2024-03-28,-30.89999999999991,37.13
2024-03-30,-30.889999999999908,37.13
2024-04-03,-30.98999999999991,38.68
2024-04-04,-30.889999999999908,38.81
2024-04-06,-30.98999999999991,38.81
2024-04-08,-31.08999999999991,39.28
2024-04-09,-31.189999999999912,39.38
2024-04-10,-31.289999999999917,40.09
2024-04-12,-31.279999999999912,38.91
2024-04-13,-31.379999999999917,38.91
2024-04-16,-31.579999999999917,38.56
2024-04-18,-31.669999999999916,38.23
2024-04-20,-31.759999999999916,38.23
2024-04-23,-31.859999999999918,38.83
2024-04-24,-31.859999999999918,38.87
2024-04-25,-31.95999999999992,39.23
2024-04-26,-31.949999999999918,39.25
2024-04-27,-31.749999999999915,39.25
2024-05-02,-31.839999999999915,37.87
2024-05-04,-31.839999999999915,37.87
2024-05-06,-31.739999999999917,38.38
2024-05-08,-31.62999999999991,38.59
2024-05-09,-31.42999999999991,39.1
2024-05-10,-31.32999999999991,38.6
2024-05-14,-31.229999999999908,38.21
2024-05-18,-31.229999999999908,38.21
2024-05-22,-31.129999999999907,38.43
2024-05-23,-31.109999999999907,38.31
2024-05-28,-31.009999999999906,39.12
2024-05-30,-30.999999999999904,38.62
2024-05-31,-31.099999999999905,39.04
2024-06-01,-31.089999999999904,39.04
2024-06-05,-31.079999999999902,36.89
2024-06-06,-31.0699999999999,37.25
2024-06-07,-31.0599999999999,37.01
2024-06-08,-31.049999999999898,37.01
2024-06-11,-30.949999999999896,37.23
2024-06-12,-30.93999999999989,37.14
2024-06-13,-30.909999999999894,35.9
2024-06-14,-30.80999999999989,35.63
2024-06-19,-30.909999999999894,36.55
2024-06-21,-31.00999999999989,35.94
2024-06-22,-30.999999999999893,35.94
2024-06-27,-30.98999999999989,37.22
2024-07-04,-30.87999999999989,38.3
2024-07-06,-30.96999999999989,38.3
2024-07-09,-30.869999999999887,36.78
2024-07-10,-30.96999999999989,37.01
2024-07-11,-30.869999999999887,37.7
2024-07-13,-30.959999999999884,37.7
2024-07-18,-31.059999999999885,37.83
2024-07-19,-31.149999999999885,37.6
2024-07-23,-31.239999999999885,37.13
2024-07-24,-31.33999999999989,37.26
2024-07-25,-31.139999999999887,37.0
2024-07-27,-31.229999999999887,37.0
2024-07-30,-31.219999999999885,37.2
2024-08-01,-31.119999999999884,36.84
2024-08-02,-31.00999999999988,35.48
2024-08-03,-30.89999999999988,35.48
2024-08-07,-30.88999999999988,36.0
2024-08-08,-31.08999999999988,36.53
2024-08-09,-31.079999999999878,36.68
2024-08-10,-30.979999999999876,36.68
2024-08-13,-30.87999999999987,37.96
2024-08-17,-30.86999999999987,37.96
2024-08-20,-30.95999999999987,37.51
2024-08-22,-30.859999999999868,37.51
2024-08-27,-30.849999999999863,37.72
2024-08-31,-30.949999999999868,37.72
2024-09-03,-30.849999999999863,36.27
2024-09-04,-30.839999999999865,36.03
2024-09-06,-30.739999999999863,34.56
2024-09-10,-30.839999999999865,33.77
2024-09-11,-30.739999999999863,33.79
2024-09-12,-30.839999999999865,34.02
2024-09-13,-30.739999999999863,34.24
2024-09-14,-30.729999999999865,34.24
2024-09-17,-30.62999999999986,34.92
2024-09-18,-30.61999999999986,34.77
2024-09-20,-30.609999999999857,35.18
2024-09-24,-30.599999999999856,35.78
2024-09-26,-30.58999999999985,34.2
2024-09-27,-30.67999999999985,34.63
2024-09-28,-30.47999999999985,34.63
2024-10-01,-30.379999999999853,36.21
2024-10-02,-30.379999999999853,36.03
2024-10-03,-30.469999999999853,37.12
2024-10-05,-30.45999999999985,37.12
2024-10-08,-30.25999999999985,37.55
2024-10-09,-30.24999999999985,37.71
2024-10-11,-30.14999999999985,38.57
2024-10-12,-30.039999999999846,38.57
2024-10-15,-30.139999999999848,36.82
2024-10-16,-30.129999999999846,36.57
2024-10-17,-30.229999999999848,36.73
2024-10-18,-30.129999999999846,36.78
2024-10-19,-30.229999999999848,36.78
2024-10-23,-30.129999999999846,36.49
2024-10-25,-29.929999999999847,37.3
2024-10-26,-30.129999999999846,37.3
2024-10-29,-30.029999999999845,36.25
2024-10-30,-29.929999999999847,36.54
2024-11-01,-29.929999999999847,35.75
2024-11-02,-29.80999999999985,35.75
2024-11-04,-29.799999999999844,36.24
2024-11-05,-29.89999999999985,36.15
2024-11-06,-29.889999999999844,36.89
2024-11-07,-29.889999999999844,37.04
2024-11-09,-29.98999999999985,37.04
2024-11-13,-29.979999999999844,36.61
2024-11-14,-29.969999999999843,37.48
2024-11-16,-29.95999999999984,37.48
2024-11-20,-29.93999999999984,37.61
2024-11-22,-30.039999999999843,38.49
2024-11-23,-30.019999999999843,38.49
2024-11-26,-29.89999999999984,36.94
2024-11-27,-30.07999999999984,37.0
2024-11-28,-29.95999999999984,37.22
2024-11-29,-29.95999999999984,37.33
2024-11-30,-29.85999999999984,37.33
2024-12-03,-29.93999999999984,37.33
2024-12-05,-29.92999999999984,36.9
2024-12-06,-30.02999999999984,36.14
2024-12-07,-30.21999999999984,36.14
2024-12-10,-30.20999999999984,36.0
2024-12-11,-30.19999999999984,36.29
2024-12-13,-30.089999999999836,35.81
2024-12-14,-30.069999999999837,35.81
2024-12-17,-30.05999999999983,34.84
2024-12-18,-30.04999999999983,34.22
2024-12-19,-29.94999999999983,34.05
2024-12-23,-30.04999999999983,34.77
2024-12-24,-29.94999999999983,35.05
2024-12-26,-29.939999999999827,35.05
