Date,Pos_Count,Neut_Count,Neg_Count,New_Sentiment
2014-01-02,1,4,0,0.30000000000000004
2014-01-03,1,4,3,0.3
2014-01-04,1,0,0,0.4
2014-01-07,0,1,2,0.25
2014-01-08,1,9,1,0.7
2014-01-09,2,3,0,1.0499999999999998
2014-01-10,2,1,2,1.0999999999999999
2014-01-11,0,1,1,1.0499999999999998
2014-01-13,0,0,1,0.9499999999999998
2014-01-14,0,1,2,0.7999999999999998
2014-01-15,2,5,1,1.15
2014-01-16,3,4,1,1.5499999999999998
2014-01-17,4,0,1,1.8499999999999996
2014-01-18,1,3,2,1.9
2014-01-20,0,3,1,1.9499999999999997
2014-01-21,2,6,1,2.3499999999999996
2014-01-22,0,3,1,2.3999999999999995
2014-01-23,2,2,1,2.5999999999999996
2014-01-24,2,2,0,2.9
2014-01-25,2,1,1,3.05
2014-01-27,0,1,0,3.0999999999999996
2014-01-28,1,1,2,3.0499999999999994
2014-01-29,1,6,1,3.3499999999999996
2014-01-30,1,3,0,3.5999999999999996
2014-01-31,2,6,3,3.8
2014-02-01,2,4,0,4.2
2014-02-03,0,2,0,4.3
2014-02-04,3,1,1,4.55
2014-02-05,2,2,0,4.85
2014-02-06,0,2,2,4.749999999999999
2014-02-07,4,1,2,4.999999999999999
2014-02-08,0,3,1,5.05
2014-02-11,1,2,1,5.1499999999999995
2014-02-12,1,1,1,5.199999999999999
2014-02-13,0,2,0,5.299999999999999
2014-02-14,2,0,1,5.3999999999999995
2014-02-15,1,2,1,5.499999999999999
2014-02-18,0,1,1,5.449999999999999
2014-02-19,0,3,1,5.5
2014-02-20,1,2,1,5.6
2014-02-21,1,5,1,5.85
2014-02-22,2,2,1,6.05
2014-02-25,1,2,2,6.049999999999999
2014-02-26,1,2,1,6.149999999999999
2014-02-27,2,0,2,6.149999999999999
2014-02-28,0,3,2,6.099999999999999
2014-03-01,2,1,2,6.149999999999999
2014-03-04,1,3,0,6.399999999999999
2014-03-05,0,2,1,6.399999999999999
2014-03-06,0,1,0,6.449999999999998
2014-03-07,2,6,2,6.749999999999998
2014-03-08,0,4,2,6.749999999999998
2014-03-10,1,0,0,6.849999999999998
2014-03-11,0,3,0,6.999999999999998
2014-03-12,0,2,2,6.899999999999998
2014-03-13,1,4,2,6.999999999999997
2014-03-14,1,4,0,7.299999999999997
2014-03-15,2,0,0,7.499999999999997
2014-03-18,2,0,2,7.499999999999997
2014-03-19,1,2,2,7.4999999999999964
2014-03-20,0,2,1,7.4999999999999964
2014-03-21,3,4,2,7.799999999999996
2014-03-22,3,3,1,8.149999999999997
2014-03-24,0,1,0,8.199999999999998
2014-03-25,1,5,0,8.549999999999997
2014-03-26,3,3,2,8.799999999999999
2014-03-27,0,2,2,8.7
2014-03-28,2,4,3,8.799999999999997
2014-03-29,0,2,0,8.899999999999997
2014-03-31,0,2,0,8.999999999999996
2014-04-01,3,5,0,9.549999999999997
2014-04-02,1,3,0,9.799999999999997
2014-04-03,0,3,0,9.949999999999998
2014-04-04,2,0,1,10.049999999999997
2014-04-05,0,2,1,10.049999999999997
2014-04-08,1,0,0,10.149999999999997
2014-04-09,2,2,0,10.449999999999996
2014-04-10,0,6,0,10.749999999999996
2014-04-11,2,0,1,10.849999999999996
2014-04-12,1,1,0,10.999999999999996
2014-04-14,1,2,0,11.199999999999996
2014-04-15,1,3,0,11.449999999999996
2014-04-16,3,3,0,11.899999999999997
2014-04-17,1,1,1,11.949999999999998
2014-04-18,1,3,1,12.099999999999998
2014-04-19,0,4,0,12.299999999999997
2014-04-22,1,2,1,12.399999999999997
2014-04-23,1,2,1,12.499999999999996
2014-04-24,0,6,1,12.699999999999998
2014-04-25,0,3,1,12.749999999999998
2014-04-26,0,6,1,12.95
2014-04-29,0,2,1,12.95
2014-04-30,1,6,1,13.25
2014-05-01,3,1,0,13.600000000000001
2014-05-02,2,2,0,13.9
2014-05-03,4,0,2,14.100000000000001
2014-05-05,0,3,0,14.250000000000002
2014-05-06,1,3,1,14.400000000000002
2014-05-07,0,2,0,14.500000000000002
2014-05-08,3,5,1,14.950000000000003
2014-05-09,2,3,1,15.200000000000003
2014-05-10,1,3,0,15.450000000000003
2014-05-13,2,1,2,15.500000000000004
2014-05-14,8,14,0,17.000000000000004
2014-05-15,1,4,1,17.200000000000003
2014-05-16,1,4,2,17.300000000000004
2014-05-17,0,2,3,17.100000000000005
2014-05-20,2,1,1,17.250000000000004
2014-05-21,2,2,1,17.450000000000003
2014-05-22,2,3,0,17.8
2014-05-23,3,3,0,18.25
2014-05-24,0,3,1,18.299999999999997
2014-05-26,0,1,0,18.349999999999998
2014-05-27,0,4,0,18.549999999999997
2014-05-28,0,4,1,18.649999999999995
2014-05-29,2,0,0,18.849999999999994
2014-05-30,2,3,2,18.999999999999993
2014-05-31,2,4,2,19.199999999999992
2014-06-02,0,2,0,19.299999999999994
2014-06-03,1,3,4,19.149999999999995
2014-06-04,1,1,2,19.099999999999998
2014-06-05,1,1,0,19.25
2014-06-06,1,3,2,19.3
2014-06-07,1,0,1,19.3
2014-06-09,0,2,0,19.400000000000002
2014-06-10,0,1,2,19.250000000000004
2014-06-11,1,3,0,19.500000000000004
2014-06-12,1,4,0,19.800000000000004
2014-06-13,3,2,1,20.100000000000005
2014-06-14,2,2,1,20.300000000000004
2014-06-16,0,1,0,20.350000000000005
2014-06-17,2,2,1,20.550000000000004
2014-06-18,5,7,1,21.300000000000004
2014-06-19,0,5,1,21.450000000000003
2014-06-20,2,5,0,21.900000000000002
2014-06-21,0,1,0,21.950000000000003
2014-06-23,0,0,1,21.85
2014-06-24,1,1,1,21.900000000000002
2014-06-25,1,0,4,21.600000000000005
2014-06-26,2,2,1,21.800000000000004
2014-06-27,2,3,2,21.950000000000003
2014-06-28,1,1,1,22.000000000000004
2014-07-02,2,3,2,22.150000000000002
2014-07-03,2,1,1,22.3
2014-07-04,2,5,1,22.65
2014-07-05,0,2,1,22.65
2014-07-07,0,0,1,22.549999999999997
2014-07-08,1,2,1,22.65
2014-07-09,2,2,2,22.75
2014-07-10,1,4,0,23.05
2014-07-11,1,2,2,23.050000000000004
2014-07-12,0,1,3,22.800000000000004
2014-07-15,3,1,1,23.050000000000004
2014-07-16,2,4,3,23.150000000000002
2014-07-17,0,2,2,23.050000000000004
2014-07-18,2,1,1,23.200000000000003
2014-07-19,0,3,1,23.25
2014-07-22,1,2,0,23.450000000000003
2014-07-23,1,1,0,23.600000000000005
2014-07-24,0,1,1,23.550000000000004
2014-07-25,2,1,0,23.800000000000004
2014-07-26,2,1,2,23.850000000000005
2014-07-28,0,2,0,23.950000000000006
2014-07-29,2,3,1,24.200000000000003
2014-07-30,2,5,2,24.450000000000003
2014-07-31,1,1,3,24.300000000000004
2014-08-01,1,0,3,24.100000000000005
2014-08-02,2,2,0,24.400000000000006
2014-08-06,0,4,0,24.600000000000005
2014-08-07,1,3,0,24.850000000000005
2014-08-08,2,2,3,24.850000000000005
2014-08-09,1,4,0,25.150000000000006
2014-08-11,0,0,1,25.050000000000004
2014-08-12,1,0,0,25.150000000000006
2014-08-13,2,0,0,25.350000000000005
2014-08-14,3,2,1,25.650000000000006
2014-08-15,1,4,2,25.750000000000007
2014-08-16,1,4,0,26.050000000000008
2014-08-18,1,0,0,26.15000000000001
2014-08-19,1,2,0,26.350000000000012
2014-08-20,1,0,0,26.450000000000014
2014-08-21,2,1,0,26.700000000000014
2014-08-22,1,2,2,26.700000000000017
2014-08-23,1,1,2,26.65000000000002
2014-08-25,0,1,0,26.70000000000002
2014-08-26,0,2,1,26.70000000000002
2014-08-27,3,2,0,27.100000000000023
2014-08-28,1,8,2,27.400000000000023
2014-08-29,1,4,1,27.600000000000023
2014-08-30,0,3,2,27.550000000000022
2014-09-02,1,1,0,27.700000000000024
2014-09-03,1,3,1,27.850000000000023
2014-09-04,1,3,1,28.00000000000002
2014-09-05,1,4,0,28.300000000000022
2014-09-06,2,5,1,28.65000000000002
2014-09-08,0,1,0,28.70000000000002
2014-09-09,1,1,1,28.75000000000002
2014-09-10,1,3,1,28.90000000000002
2014-09-11,2,6,0,29.40000000000002
2014-09-12,2,0,1,29.500000000000018
2014-09-13,0,3,1,29.550000000000015
2014-09-16,0,4,0,29.750000000000014
2014-09-17,2,4,0,30.150000000000013
2014-09-18,1,2,1,30.250000000000014
2014-09-19,1,3,1,30.400000000000013
2014-09-20,1,2,0,30.600000000000016
2014-09-23,2,3,1,30.850000000000012
2014-09-24,2,3,1,31.10000000000001
2014-09-25,0,5,1,31.250000000000007
2014-09-26,0,1,1,31.200000000000006
2014-09-27,3,4,1,31.600000000000005
2014-09-29,0,1,1,31.550000000000004
2014-09-30,1,1,0,31.700000000000006
2014-10-01,0,3,3,31.550000000000004
2014-10-02,0,3,0,31.700000000000003
2014-10-03,1,2,1,31.800000000000004
2014-10-04,0,4,0,32.00000000000001
2014-10-06,1,1,0,32.150000000000006
2014-10-07,1,1,1,32.2
2014-10-08,1,1,2,32.15
2014-10-09,0,3,0,32.3
2014-10-10,2,4,2,32.5
2014-10-11,1,3,1,32.65
2014-10-14,1,2,0,32.85
2014-10-15,1,3,3,32.800000000000004
2014-10-16,1,2,0,33.00000000000001
2014-10-17,2,3,1,33.25000000000001
2014-10-18,2,3,5,33.10000000000001
2014-10-20,0,1,1,33.050000000000004
2014-10-21,2,1,2,33.1
2014-10-22,0,6,2,33.199999999999996
2014-10-23,4,2,1,33.599999999999994
2014-10-24,1,5,2,33.74999999999999
2014-10-25,1,1,2,33.69999999999999
2014-10-27,0,2,1,33.69999999999999
2014-10-28,1,1,0,33.84999999999999
2014-10-29,0,5,4,33.69999999999999
2014-10-30,0,2,1,33.69999999999999
2014-10-31,1,2,0,33.89999999999999
2014-11-01,1,3,0,34.14999999999999
2014-11-03,0,1,0,34.19999999999999
2014-11-04,2,2,0,34.49999999999999
2014-11-05,3,2,4,34.49999999999999
2014-11-06,2,3,3,34.55
2014-11-07,1,0,3,34.35
2014-11-08,1,1,4,34.1
2014-11-10,0,1,0,34.15
2014-11-12,2,2,1,34.35
2014-11-13,1,4,2,34.45
2014-11-14,3,2,2,34.65
2014-11-15,1,4,0,34.95
2014-11-17,0,0,1,34.85
2014-11-18,2,3,0,35.2
2014-11-19,3,3,2,35.449999999999996
2014-11-20,2,1,1,35.599999999999994
2014-11-21,0,2,2,35.49999999999999
2014-11-22,2,3,2,35.64999999999999
2014-11-24,0,0,2,35.44999999999999
2014-11-25,0,2,2,35.34999999999999
2014-11-26,1,2,3,35.24999999999999
2014-11-27,1,5,3,35.3
2014-11-28,3,2,2,35.49999999999999
2014-11-29,0,2,2,35.39999999999999
2014-12-01,1,0,0,35.49999999999999
2014-12-02,0,2,6,34.99999999999999
2014-12-03,1,3,3,34.949999999999996
2014-12-04,2,2,1,35.15
2014-12-05,1,3,2,35.199999999999996
2014-12-06,0,2,4,34.9
2014-12-08,0,0,2,34.699999999999996
2014-12-09,0,2,2,34.599999999999994
2014-12-10,2,7,4,34.75
2014-12-11,0,2,1,34.75
2014-12-12,1,3,0,35.0
2014-12-13,0,3,3,34.85
2014-12-15,2,0,1,34.95
2014-12-16,1,3,2,35.0
2014-12-17,1,3,1,35.15
2014-12-18,2,2,2,35.25
2014-12-19,2,0,1,35.35
2014-12-20,1,5,4,35.300000000000004
2014-12-23,1,0,4,35.00000000000001
2014-12-24,0,3,1,35.050000000000004
2014-12-26,0,2,2,34.95
2014-12-27,0,1,1,34.9
2014-12-30,1,3,4,34.75
2014-12-31,2,2,4,34.650000000000006
2015-01-02,1,1,2,34.6
2015-01-03,1,3,4,34.45
2015-01-05,0,0,1,34.35
2015-01-06,1,1,4,34.1
2015-01-07,1,2,5,33.800000000000004
2015-01-08,0,0,3,33.50000000000001
2015-01-09,4,3,2,33.85
2015-01-10,0,4,5,33.550000000000004
2015-01-13,2,1,2,33.6
2015-01-14,2,1,3,33.550000000000004
2015-01-15,5,1,6,33.5
2015-01-16,0,2,3,33.300000000000004
2015-01-17,3,3,3,33.45
2015-01-19,1,1,2,33.4
2015-01-20,1,5,2,33.55
2015-01-21,0,2,2,33.449999999999996
2015-01-22,0,2,2,33.349999999999994
2015-01-23,1,2,6,32.949999999999996
2015-01-24,0,0,4,32.55
2015-01-26,0,1,2,32.39999999999999
2015-01-27,2,1,4,32.24999999999999
2015-01-28,0,2,4,31.949999999999996
2015-01-29,1,2,2,31.95
2015-01-30,0,1,7,31.3
2015-01-31,0,0,5,30.8
2015-02-02,0,1,0,30.85
2015-02-03,1,2,2,30.850000000000005
2015-02-04,0,3,3,30.700000000000003
2015-02-05,0,3,2,30.650000000000002
2015-02-06,3,4,1,31.05
2015-02-07,0,3,1,31.099999999999998
2015-02-09,0,1,0,31.15
2015-02-10,2,0,2,31.15
2015-02-11,2,2,1,31.349999999999998
2015-02-12,1,1,3,31.2
2015-02-13,0,0,3,30.9
2015-02-14,3,2,1,31.2
2015-02-17,0,1,0,31.25
2015-02-18,0,0,2,31.05
2015-02-19,1,3,2,31.1
2015-02-20,2,0,3,31.0
2015-02-21,1,3,2,31.05
2015-02-24,1,2,3,30.950000000000003
2015-02-25,2,3,3,31.0
2015-02-26,1,1,3,30.85
2015-02-27,2,2,1,31.05
2015-02-28,1,4,3,31.05
2015-03-02,1,1,0,31.200000000000003
2015-03-03,0,2,0,31.300000000000004
2015-03-04,1,1,4,31.050000000000008
2015-03-05,6,0,1,31.550000000000008
2015-03-06,2,0,3,31.450000000000006
2015-03-07,3,1,1,31.700000000000006
2015-03-09,0,0,1,31.600000000000005
2015-03-10,0,1,2,31.450000000000006
2015-03-11,1,5,1,31.700000000000006
2015-03-12,1,4,2,31.800000000000008
2015-03-13,0,2,6,31.300000000000008
2015-03-14,1,2,2,31.30000000000001
2015-03-17,1,3,5,31.05000000000001
2015-03-18,1,1,0,31.200000000000014
2015-03-19,2,2,2,31.300000000000015
2015-03-20,0,2,3,31.100000000000016
2015-03-21,1,1,3,30.950000000000017
2015-03-23,0,1,1,30.900000000000016
2015-03-24,0,2,1,30.900000000000016
2015-03-25,3,2,1,31.200000000000017
2015-03-26,1,2,0,31.40000000000002
2015-03-27,2,1,1,31.55000000000002
2015-03-28,1,1,6,31.10000000000002
2015-03-31,0,1,1,31.05000000000002
2015-04-01,1,4,3,31.05000000000002
2015-04-02,0,1,2,30.90000000000002
2015-04-03,2,1,2,30.95000000000002
2015-04-04,2,1,2,31.00000000000002
2015-04-07,1,1,2,30.950000000000024
2015-04-08,0,5,1,31.100000000000023
2015-04-09,1,1,3,30.950000000000024
2015-04-10,2,2,1,31.150000000000023
2015-04-11,1,7,0,31.600000000000026
2015-04-13,0,1,1,31.550000000000026
2015-04-14,2,1,2,31.600000000000026
2015-04-15,3,1,2,31.75000000000003
2015-04-16,1,0,1,31.75000000000003
2015-04-17,3,2,2,31.950000000000028
2015-04-18,1,2,1,32.050000000000026
2015-04-20,1,0,0,32.15000000000003
2015-04-21,1,4,0,32.45000000000003
2015-04-22,3,1,1,32.700000000000024
2015-04-23,3,1,1,32.95000000000002
2015-04-24,1,1,1,33.000000000000014
2015-04-25,0,5,3,32.95000000000002
2015-04-27,0,1,1,32.90000000000001
2015-04-28,0,2,3,32.70000000000002
2015-04-29,6,1,2,33.15000000000001
2015-04-30,2,2,2,33.250000000000014
2015-05-01,0,3,3,33.100000000000016
2015-05-02,3,0,3,33.100000000000016
2015-05-04,0,1,0,33.15000000000001
2015-05-05,1,1,0,33.30000000000001
2015-05-06,2,3,2,33.45000000000001
2015-05-07,2,6,0,33.95000000000001
2015-05-08,1,0,3,33.750000000000014
2015-05-09,3,3,4,33.80000000000001
2015-05-11,0,1,0,33.85000000000001
2015-05-12,0,1,0,33.900000000000006
2015-05-13,2,3,3,33.95000000000001
2015-05-14,2,3,1,34.20000000000001
2015-05-15,2,0,3,34.100000000000016
2015-05-16,1,1,2,34.05000000000001
2015-05-19,0,1,2,33.900000000000006
2015-05-20,2,0,2,33.900000000000006
2015-05-21,3,1,1,34.15
2015-05-22,5,3,2,34.599999999999994
2015-05-23,0,1,1,34.54999999999999
2015-05-25,1,0,0,34.64999999999999
2015-05-26,1,0,3,34.449999999999996
2015-05-27,2,3,3,34.5
2015-05-28,2,2,3,34.50000000000001
2015-05-29,0,2,3,34.30000000000001
2015-05-30,1,4,3,34.30000000000002
2015-06-01,0,1,0,34.350000000000016
2015-06-02,2,3,1,34.600000000000016
2015-06-03,0,1,3,34.350000000000016
2015-06-04,0,4,3,34.25000000000002
2015-06-05,1,3,1,34.40000000000002
2015-06-06,1,3,2,34.45000000000002
2015-06-09,2,3,1,34.70000000000002
2015-06-10,3,1,1,34.95000000000001
2015-06-11,3,1,3,35.00000000000001
2015-06-12,0,3,1,35.050000000000004
2015-06-13,1,2,1,35.150000000000006
2015-06-16,0,0,3,34.85000000000001
2015-06-17,0,1,3,34.60000000000001
2015-06-18,0,3,1,34.650000000000006
2015-06-19,2,0,1,34.75000000000001
2015-06-20,2,0,4,34.55000000000001
2015-06-23,0,1,3,34.30000000000001
2015-06-24,1,0,2,34.20000000000001
2015-06-25,2,0,0,34.40000000000001
2015-06-26,2,7,0,34.95000000000002
2015-06-27,2,3,0,35.30000000000002
2015-06-30,1,3,0,35.55000000000002
2015-07-02,1,2,2,35.55000000000002
2015-07-03,1,1,2,35.500000000000014
2015-07-04,1,1,1,35.55000000000001
2015-07-06,1,0,0,35.65000000000001
2015-07-07,2,0,4,35.45000000000002
2015-07-08,5,0,1,35.850000000000016
2015-07-09,0,3,1,35.90000000000001
2015-07-10,3,2,4,35.90000000000001
2015-07-11,2,3,2,36.05000000000001
2015-07-14,1,2,1,36.15000000000001
2015-07-15,1,6,2,36.35000000000001
2015-07-16,2,0,4,36.15000000000001
2015-07-17,0,5,1,36.30000000000001
2015-07-18,1,5,2,36.45000000000001
2015-07-20,0,1,0,36.50000000000001
2015-07-21,3,4,0,37.00000000000001
2015-07-22,1,2,3,36.90000000000001
2015-07-23,1,5,2,37.05000000000001
2015-07-24,3,0,3,37.05000000000001
2015-07-25,1,2,3,36.95000000000002
2015-07-27,0,1,0,37.000000000000014
2015-07-28,0,3,1,37.05000000000001
2015-07-29,2,2,4,36.95000000000002
2015-07-30,1,0,2,36.850000000000016
2015-07-31,1,3,4,36.70000000000002
2015-08-01,1,3,0,36.95000000000002
2015-08-04,1,1,0,37.100000000000016
2015-08-05,3,0,1,37.30000000000001
2015-08-06,1,2,2,37.30000000000001
2015-08-07,1,1,3,37.15000000000001
2015-08-08,0,4,3,37.05000000000002
2015-08-11,1,1,4,36.80000000000002
2015-08-12,2,3,3,36.85000000000002
2015-08-13,0,5,3,36.800000000000026
2015-08-14,1,1,5,36.450000000000024
2015-08-15,0,7,3,36.50000000000003
2015-08-17,0,1,0,36.550000000000026
2015-08-18,0,0,2,36.35000000000002
2015-08-19,0,1,1,36.30000000000002
2015-08-20,2,1,2,36.350000000000016
2015-08-21,0,2,3,36.15000000000002
2015-08-22,3,2,2,36.350000000000016
2015-08-25,0,1,2,36.20000000000001
2015-08-26,1,4,4,36.100000000000016
2015-08-27,2,3,2,36.250000000000014
2015-08-28,1,2,2,36.250000000000014
2015-08-29,1,3,2,36.30000000000001
2015-08-31,1,1,0,36.45000000000001
2015-09-01,3,1,4,36.400000000000006
2015-09-02,2,1,1,36.550000000000004
2015-09-03,1,4,2,36.650000000000006
2015-09-04,0,3,2,36.6
2015-09-05,2,2,3,36.60000000000001
2015-09-08,0,1,0,36.650000000000006
2015-09-09,1,2,2,36.650000000000006
2015-09-10,2,3,2,36.800000000000004
2015-09-11,0,3,1,36.85
2015-09-12,0,2,4,36.550000000000004
2015-09-15,1,6,1,36.85
2015-09-16,1,3,3,36.800000000000004
2015-09-17,2,4,2,37.00000000000001
2015-09-18,0,6,5,36.800000000000004
2015-09-19,2,5,1,37.150000000000006
2015-09-22,0,2,2,37.050000000000004
2015-09-23,1,4,1,37.25000000000001
2015-09-24,0,4,5,36.95000000000001
2015-09-25,0,3,3,36.80000000000001
2015-09-26,1,1,4,36.55000000000001
2015-09-28,1,2,0,36.750000000000014
2015-09-29,4,3,2,37.10000000000001
2015-09-30,3,2,1,37.400000000000006
2015-10-01,2,0,2,37.400000000000006
2015-10-02,3,4,2,37.7
2015-10-03,0,3,1,37.75
2015-10-05,0,1,0,37.8
2015-10-06,0,1,2,37.64999999999999
2015-10-07,0,5,3,37.599999999999994
2015-10-08,2,2,2,37.699999999999996
2015-10-09,1,6,1,37.99999999999999
2015-10-10,2,2,2,38.099999999999994
2015-10-13,1,3,0,38.349999999999994
2015-10-14,1,1,1,38.39999999999999
2015-10-15,2,0,2,38.39999999999999
2015-10-16,1,3,2,38.44999999999999
2015-10-17,1,1,1,38.499999999999986
2015-10-20,0,3,2,38.44999999999998
2015-10-21,1,1,2,38.39999999999998
2015-10-22,2,2,3,38.399999999999984
2015-10-23,1,1,2,38.34999999999998
2015-10-24,0,2,0,38.44999999999998
2015-10-26,1,1,1,38.49999999999998
2015-10-27,0,2,1,38.49999999999998
2015-10-28,3,3,0,38.949999999999974
2015-10-29,1,2,3,38.84999999999998
2015-10-30,0,1,3,38.59999999999998
2015-10-31,1,2,4,38.399999999999984
2015-11-02,0,1,0,38.44999999999998
2015-11-03,0,0,2,38.24999999999998
2015-11-04,1,5,0,38.59999999999998
2015-11-05,0,3,0,38.74999999999998
2015-11-06,1,1,3,38.59999999999998
2015-11-07,4,2,8,38.29999999999998
2015-11-10,1,5,1,38.54999999999998
2015-11-12,1,2,0,38.749999999999986
2015-11-13,2,3,1,38.999999999999986
2015-11-14,2,3,1,39.249999999999986
2015-11-17,2,2,2,39.34999999999999
2015-11-18,1,4,4,39.24999999999999
2015-11-19,2,4,3,39.35
2015-11-20,2,2,2,39.45
2015-11-21,0,2,3,39.25000000000001
2015-11-23,0,6,0,39.550000000000004
2015-11-24,3,5,1,40.0
2015-11-25,2,3,0,40.35
2015-11-26,4,5,2,40.8
2015-11-27,0,4,0,41.0
2015-11-28,1,2,3,40.900000000000006
2015-11-30,1,0,0,41.00000000000001
2015-12-01,0,8,1,41.300000000000004
2015-12-02,2,4,1,41.60000000000001
2015-12-03,0,7,2,41.75000000000001
2015-12-04,2,6,0,42.25000000000001
2015-12-05,0,2,5,41.85000000000001
2015-12-07,0,0,1,41.75000000000001
2015-12-08,0,3,3,41.60000000000001
2015-12-09,4,3,3,41.85000000000001
2015-12-10,0,2,0,41.95000000000001
2015-12-11,1,2,4,41.750000000000014
2015-12-12,1,4,0,42.05000000000002
2015-12-14,1,0,0,42.15000000000002
2015-12-15,0,3,2,42.100000000000016
2015-12-16,0,2,3,41.90000000000002
2015-12-17,1,1,2,41.850000000000016
2015-12-18,1,1,2,41.80000000000001
2015-12-19,2,1,1,41.95000000000001
2015-12-22,0,2,3,41.750000000000014
2015-12-23,1,1,3,41.600000000000016
2015-12-24,0,3,0,41.750000000000014
2015-12-26,0,0,3,41.45000000000002
2015-12-28,0,1,1,41.40000000000001
2015-12-29,0,3,1,41.45000000000001
2015-12-30,3,1,2,41.6
2015-12-31,0,5,0,41.85
2016-01-02,0,2,4,41.550000000000004
2016-01-04,1,0,0,41.650000000000006
2016-01-05,2,1,1,41.800000000000004
2016-01-06,1,3,3,41.75000000000001
2016-01-07,2,2,4,41.65000000000001
2016-01-08,0,2,6,41.15000000000001
2016-01-09,3,1,3,41.20000000000001
2016-01-12,0,2,2,41.10000000000001
2016-01-13,0,2,5,40.70000000000001
2016-01-14,0,1,2,40.550000000000004
2016-01-15,1,0,3,40.35000000000001
2016-01-16,0,3,1,40.400000000000006
2016-01-18,0,1,3,40.150000000000006
2016-01-19,2,1,2,40.2
2016-01-20,0,4,2,40.2
2016-01-21,1,1,4,39.95
2016-01-22,2,5,1,40.300000000000004
2016-01-23,0,4,4,40.10000000000001
2016-01-25,0,0,1,40.00000000000001
2016-01-26,0,5,4,39.85000000000001
2016-01-27,1,5,2,40.00000000000001
2016-01-28,1,5,1,40.25000000000001
2016-01-29,0,3,2,40.2
2016-01-30,1,10,0,40.800000000000004
2016-02-01,1,2,1,40.900000000000006
2016-02-02,3,1,1,41.15
2016-02-03,2,5,3,41.300000000000004
2016-02-04,2,3,0,41.650000000000006
2016-02-05,2,3,4,41.60000000000001
2016-02-06,1,2,3,41.500000000000014
2016-02-08,1,0,0,41.600000000000016
2016-02-09,2,2,3,41.60000000000002
2016-02-10,0,4,2,41.60000000000002
2016-02-11,2,1,4,41.450000000000024
2016-02-12,1,3,2,41.50000000000002
2016-02-13,1,4,0,41.800000000000026
2016-02-16,1,2,0,42.00000000000003
2016-02-17,0,0,2,41.800000000000026
2016-02-18,0,2,1,41.800000000000026
2016-02-19,0,0,1,41.700000000000024
2016-02-20,2,3,1,41.950000000000024
2016-02-23,1,1,3,41.800000000000026
2016-02-24,2,4,4,41.80000000000003
2016-02-25,1,0,4,41.500000000000036
2016-02-26,0,2,2,41.400000000000034
2016-02-27,2,3,3,41.45000000000004
2016-03-01,1,2,1,41.55000000000004
2016-03-02,0,3,3,41.40000000000004
2016-03-03,1,3,3,41.350000000000044
2016-03-04,3,3,3,41.50000000000004
2016-03-05,0,4,2,41.50000000000004
2016-03-07,0,1,0,41.55000000000004
2016-03-08,1,0,1,41.55000000000004
2016-03-09,1,1,5,41.20000000000004
2016-03-10,1,0,2,41.10000000000004
2016-03-11,0,6,1,41.30000000000003
2016-03-12,2,4,2,41.500000000000036
2016-03-14,0,1,0,41.55000000000003
2016-03-15,3,1,2,41.700000000000024
2016-03-16,2,0,3,41.60000000000003
2016-03-17,2,1,2,41.65000000000003
2016-03-18,3,2,1,41.950000000000024
2016-03-19,3,0,3,41.950000000000024
2016-03-22,1,3,1,42.10000000000002
2016-03-23,2,2,1,42.300000000000026
2016-03-24,2,2,1,42.50000000000003
2016-03-25,0,4,1,42.60000000000003
2016-03-26,1,2,0,42.80000000000003
2016-03-29,0,2,0,42.900000000000034
2016-03-30,0,4,0,43.10000000000004
2016-03-31,0,1,2,42.95000000000003
2016-04-01,0,1,2,42.800000000000026
2016-04-02,1,4,1,43.00000000000003
2016-04-04,0,2,0,43.10000000000003
2016-04-05,0,3,0,43.25000000000003
2016-04-06,1,2,0,43.45000000000003
2016-04-07,0,3,1,43.50000000000003
2016-04-08,0,3,4,43.25000000000003
2016-04-09,2,1,3,43.20000000000003
2016-04-11,1,3,0,43.45000000000003
2016-04-12,2,2,0,43.750000000000036
2016-04-13,3,2,3,43.85000000000004
2016-04-14,1,2,1,43.95000000000004
2016-04-15,0,2,3,43.75000000000004
2016-04-16,1,2,4,43.55000000000005
2016-04-19,0,0,1,43.450000000000045
2016-04-20,0,1,0,43.50000000000004
2016-04-21,0,2,0,43.600000000000044
2016-04-22,2,2,1,43.80000000000005
2016-04-23,1,2,0,44.00000000000005
2016-04-25,0,3,0,44.15000000000005
2016-04-26,1,1,0,44.30000000000005
2016-04-27,1,2,1,44.40000000000005
2016-04-28,0,2,0,44.50000000000005
2016-04-29,1,1,0,44.65000000000005
2016-04-30,1,1,3,44.50000000000005
2016-05-02,0,0,1,44.40000000000005
2016-05-03,0,2,0,44.50000000000005
2016-05-04,1,1,1,44.55000000000005
2016-05-05,2,4,3,44.650000000000055
2016-05-06,0,3,2,44.60000000000005
2016-05-07,1,1,2,44.55000000000005
2016-05-09,0,0,1,44.450000000000045
2016-05-10,1,0,3,44.25000000000005
2016-05-11,0,2,5,43.85000000000005
2016-05-12,0,3,0,44.00000000000005
2016-05-13,0,1,1,43.950000000000045
2016-05-14,2,4,0,44.35000000000005
2016-05-16,1,0,0,44.45000000000005
2016-05-17,1,2,3,44.35000000000006
2016-05-18,0,1,2,44.20000000000005
2016-05-19,0,2,1,44.20000000000005
2016-05-20,1,2,0,44.400000000000055
2016-05-21,0,1,2,44.25000000000005
2016-05-24,1,0,0,44.35000000000005
2016-05-25,1,1,1,44.40000000000005
2016-05-26,3,1,0,44.75000000000004
2016-05-27,1,4,3,44.75000000000005
2016-05-28,1,3,0,45.00000000000005
2016-05-31,1,0,2,44.90000000000005
2016-06-01,1,0,0,45.00000000000005
2016-06-02,0,6,0,45.30000000000005
2016-06-03,1,0,0,45.40000000000005
2016-06-04,1,1,0,45.55000000000005
2016-06-06,0,2,0,45.65000000000005
2016-06-07,1,0,1,45.65000000000005
2016-06-08,2,1,1,45.80000000000005
2016-06-09,1,1,4,45.55000000000005
2016-06-10,1,0,0,45.65000000000005
2016-06-11,0,3,1,45.700000000000045
2016-06-14,1,1,0,45.850000000000044
2016-06-15,0,2,0,45.950000000000045
2016-06-16,1,4,0,46.25000000000005
2016-06-17,3,2,0,46.65000000000005
2016-06-18,0,2,1,46.65000000000005
2016-06-20,0,0,1,46.55000000000005
2016-06-21,1,2,1,46.65000000000005
2016-06-22,1,1,1,46.700000000000045
2016-06-23,1,0,2,46.600000000000044
2016-06-24,1,2,1,46.700000000000045
2016-06-25,1,1,0,46.850000000000044
2016-06-28,1,1,1,46.90000000000004
2016-06-29,1,2,0,47.100000000000044
2016-06-30,1,2,0,47.30000000000005
2016-07-01,1,1,0,47.450000000000045
2016-07-02,0,1,1,47.40000000000004
2016-07-06,2,0,0,47.600000000000044
2016-07-07,0,2,0,47.700000000000045
2016-07-08,0,2,1,47.700000000000045
2016-07-09,0,3,1,47.75000000000004
2016-07-11,1,1,0,47.90000000000004
2016-07-12,1,0,1,47.90000000000004
2016-07-13,1,2,4,47.700000000000045
2016-07-14,0,1,1,47.65000000000004
2016-07-15,1,1,2,47.60000000000004
2016-07-16,2,2,1,47.80000000000004
2016-07-18,0,0,1,47.70000000000004
2016-07-19,0,2,0,47.80000000000004
2016-07-20,3,2,3,47.90000000000004
2016-07-21,1,0,0,48.00000000000004
2016-07-22,1,2,1,48.100000000000044
2016-07-23,3,0,2,48.20000000000004
2016-07-26,0,1,1,48.150000000000034
2016-07-27,1,0,2,48.05000000000003
2016-07-28,0,1,1,48.00000000000003
2016-07-29,2,2,3,48.000000000000036
2016-07-30,1,2,2,48.000000000000036
2016-08-02,0,2,0,48.10000000000004
2016-08-03,1,1,0,48.250000000000036
2016-08-04,1,0,0,48.35000000000004
2016-08-05,1,5,0,48.70000000000004
2016-08-06,1,0,1,48.70000000000004
2016-08-09,1,0,0,48.80000000000004
2016-08-10,0,1,0,48.85000000000004
2016-08-11,1,1,2,48.80000000000003
2016-08-12,1,2,0,49.000000000000036
2016-08-13,0,1,0,49.05000000000003
2016-08-15,0,2,0,49.150000000000034
2016-08-17,1,0,0,49.250000000000036
2016-08-18,0,0,3,48.95000000000004
2016-08-19,1,0,2,48.85000000000004
2016-08-20,1,1,0,49.000000000000036
2016-08-23,1,0,2,48.900000000000034
2016-08-24,1,1,0,49.05000000000003
2016-08-25,0,1,2,48.90000000000003
2016-08-26,0,2,0,49.00000000000003
2016-08-27,2,1,0,49.25000000000003
2016-08-29,0,0,1,49.15000000000003
2016-08-30,2,1,1,49.300000000000026
2016-08-31,2,1,6,48.950000000000024
2016-09-01,2,1,0,49.200000000000024
2016-09-02,1,1,0,49.35000000000002
2016-09-03,1,0,1,49.35000000000002
2016-09-07,1,4,0,49.65000000000003
2016-09-08,2,0,2,49.65000000000003
2016-09-09,0,1,0,49.700000000000024
2016-09-10,2,3,1,49.950000000000024
2016-09-14,0,3,1,50.00000000000002
2016-09-15,0,0,2,49.80000000000002
2016-09-16,1,2,0,50.00000000000002
2016-09-17,0,0,2,49.80000000000002
2016-09-19,0,2,0,49.90000000000002
2016-09-20,0,1,1,49.850000000000016
2016-09-21,1,1,3,49.70000000000002
2016-09-22,1,1,1,49.750000000000014
2016-09-23,0,1,0,49.80000000000001
2016-09-24,0,2,1,49.80000000000001
2016-09-27,0,1,1,49.75000000000001
2016-09-28,0,2,0,49.85000000000001
2016-09-29,3,3,0,50.300000000000004
2016-09-30,1,4,0,50.60000000000001
2016-10-01,2,2,4,50.500000000000014
2016-10-03,0,1,0,50.55000000000001
2016-10-04,1,3,2,50.60000000000001
2016-10-05,2,3,0,50.95000000000001
2016-10-06,1,2,3,50.850000000000016
2016-10-07,1,3,0,51.100000000000016
2016-10-08,1,1,0,51.250000000000014
2016-10-11,2,0,0,51.45000000000002
2016-10-12,0,2,2,51.350000000000016
2016-10-13,1,1,1,51.40000000000001
2016-10-14,1,1,1,51.45000000000001
2016-10-15,0,3,1,51.50000000000001
2016-10-17,0,1,0,51.550000000000004
2016-10-18,0,1,1,51.5
2016-10-19,0,3,0,51.65
2016-10-20,0,1,2,51.49999999999999
2016-10-21,1,0,3,51.3
2016-10-22,3,1,1,51.54999999999999
2016-10-24,0,2,0,51.64999999999999
2016-10-25,0,2,0,51.74999999999999
2016-10-26,0,0,1,51.64999999999999
2016-10-27,0,0,1,51.54999999999999
2016-10-28,1,2,1,51.64999999999999
2016-10-29,1,2,1,51.74999999999999
2016-10-31,0,1,0,51.79999999999999
2016-11-01,0,3,1,51.84999999999999
2016-11-02,0,3,0,51.999999999999986
2016-11-03,1,0,1,51.999999999999986
2016-11-04,0,3,0,52.149999999999984
2016-11-05,2,0,0,52.34999999999999
2016-11-07,1,0,0,52.44999999999999
2016-11-08,0,2,2,52.34999999999999
2016-11-09,0,0,1,52.249999999999986
2016-11-10,1,2,1,52.34999999999999
2016-11-11,1,1,0,52.499999999999986
2016-11-12,1,1,1,52.54999999999998
2016-11-15,3,2,1,52.84999999999998
2016-11-16,0,2,1,52.84999999999998
2016-11-17,0,1,0,52.89999999999998
2016-11-18,2,2,1,53.09999999999998
2016-11-19,1,1,0,53.24999999999998
2016-11-22,1,1,1,53.299999999999976
2016-11-23,1,1,2,53.24999999999997
2016-11-24,1,1,0,53.39999999999997
2016-11-25,1,4,0,53.699999999999974
2016-11-26,1,0,0,53.799999999999976
2016-11-28,0,1,0,53.84999999999997
2016-11-29,2,0,0,54.049999999999976
2016-11-30,2,2,2,54.14999999999998
2016-12-01,5,2,2,54.549999999999976
2016-12-02,1,5,2,54.699999999999974
2016-12-03,0,2,2,54.59999999999997
2016-12-06,1,5,0,54.949999999999974
2016-12-07,0,3,0,55.09999999999997
2016-12-08,1,4,0,55.39999999999998
2016-12-09,2,1,1,55.549999999999976
2016-12-10,0,1,1,55.49999999999997
2016-12-12,1,2,2,55.49999999999997
2016-12-13,4,0,1,55.79999999999997
2016-12-14,1,2,2,55.79999999999997
2016-12-15,0,1,3,55.54999999999997
2016-12-16,1,1,2,55.499999999999964
2016-12-17,1,1,0,55.64999999999996
2016-12-19,0,0,1,55.54999999999996
2016-12-20,1,1,2,55.49999999999996
2016-12-21,0,0,3,55.19999999999996
2016-12-22,0,2,0,55.29999999999996
2016-12-23,1,0,0,55.39999999999996
2016-12-24,1,0,0,55.499999999999964
2016-12-26,0,1,1,55.44999999999996
2016-12-27,0,1,0,55.49999999999996
2016-12-28,1,1,0,55.649999999999956
2016-12-29,1,3,0,55.899999999999956
2016-12-30,1,0,2,55.799999999999955
2016-12-31,0,1,0,55.84999999999995
2017-01-03,1,1,0,55.99999999999995
2017-01-04,0,2,0,56.09999999999995
2017-01-05,1,0,2,55.99999999999995
2017-01-06,1,1,1,56.04999999999995
2017-01-07,0,0,3,55.74999999999995
2017-01-10,0,0,1,55.64999999999995
2017-01-11,0,1,1,55.599999999999945
2017-01-12,1,1,3,55.449999999999946
2017-01-13,1,2,1,55.54999999999995
2017-01-14,1,3,3,55.49999999999995
2017-01-17,2,0,2,55.49999999999995
2017-01-18,0,1,1,55.449999999999946
2017-01-19,0,2,0,55.54999999999995
2017-01-20,1,1,0,55.699999999999946
2017-01-21,1,2,2,55.699999999999946
2017-01-24,1,3,1,55.849999999999945
2017-01-25,2,1,3,55.79999999999995
2017-01-26,1,4,0,56.09999999999995
2017-01-27,0,1,0,56.14999999999995
2017-01-28,1,1,2,56.099999999999945
2017-01-30,0,2,0,56.199999999999946
2017-01-31,1,0,0,56.29999999999995
2017-02-01,0,0,1,56.199999999999946
2017-02-02,1,2,0,56.39999999999995
2017-02-03,0,0,1,56.29999999999995
2017-02-06,0,1,0,56.349999999999945
2017-02-07,0,1,0,56.39999999999994
2017-02-09,0,1,0,56.44999999999994
2017-02-10,1,1,1,56.499999999999936
2017-02-11,0,3,1,56.54999999999993
2017-02-15,0,0,1,56.44999999999993
2017-02-16,2,0,1,56.54999999999993
2017-02-17,4,0,0,56.94999999999993
2017-02-18,0,1,0,56.99999999999993
2017-02-21,0,1,1,56.949999999999925
2017-02-22,2,1,0,57.199999999999925
2017-02-23,2,1,3,57.14999999999993
2017-02-24,1,1,1,57.199999999999925
2017-02-25,0,2,1,57.199999999999925
2017-02-27,1,0,0,57.299999999999926
2017-02-28,2,0,0,57.49999999999993
2017-03-01,0,1,2,57.34999999999992
2017-03-02,2,0,0,57.549999999999926
2017-03-03,1,2,1,57.64999999999993
2017-03-04,1,3,2,57.699999999999925
2017-03-07,3,1,0,58.04999999999992
2017-03-08,3,2,0,58.44999999999992
2017-03-09,1,1,0,58.599999999999916
2017-03-10,4,1,0,59.04999999999991
2017-03-11,1,0,1,59.04999999999991
2017-03-13,1,1,0,59.19999999999991
2017-03-14,1,0,1,59.19999999999991
2017-03-15,1,1,0,59.34999999999991
2017-03-16,0,0,1,59.24999999999991
2017-03-17,1,0,3,59.04999999999991
2017-03-18,1,1,1,59.09999999999991
2017-03-20,0,1,0,59.149999999999906
2017-03-21,1,0,0,59.24999999999991
2017-03-22,1,2,2,59.24999999999991
2017-03-23,0,1,2,59.0999999999999
2017-03-24,1,3,0,59.3499999999999
2017-03-25,1,4,1,59.549999999999905
2017-03-27,0,1,1,59.4999999999999
2017-03-28,0,2,0,59.5999999999999
2017-03-29,0,2,2,59.4999999999999
2017-03-30,1,1,2,59.449999999999896
2017-03-31,0,2,3,59.2499999999999
2017-04-01,0,2,0,59.3499999999999
2017-04-04,0,1,1,59.2999999999999
2017-04-05,0,1,2,59.14999999999989
2017-04-06,0,0,3,58.849999999999895
2017-04-07,0,2,2,58.74999999999989
2017-04-08,0,1,1,58.69999999999989
2017-04-10,0,1,0,58.749999999999886
2017-04-11,1,1,0,58.899999999999885
2017-04-12,2,0,0,59.09999999999989
2017-04-13,1,2,2,59.09999999999989
2017-04-14,1,0,1,59.09999999999989
2017-04-15,0,0,1,58.999999999999886
2017-04-18,3,1,0,59.34999999999988
2017-04-19,0,2,0,59.44999999999988
2017-04-20,1,3,1,59.59999999999988
2017-04-21,1,2,0,59.79999999999988
2017-04-22,0,1,1,59.74999999999988
2017-04-24,1,1,1,59.799999999999876
2017-04-25,1,1,2,59.74999999999987
2017-04-26,0,1,0,59.79999999999987
2017-04-27,2,1,1,59.94999999999987
2017-04-28,3,0,1,60.149999999999864
2017-04-29,1,0,0,60.249999999999865
2017-05-01,0,2,1,60.249999999999865
2017-05-02,0,2,0,60.349999999999866
2017-05-03,1,0,2,60.249999999999865
2017-05-04,0,2,1,60.249999999999865
2017-05-05,1,1,1,60.29999999999986
2017-05-06,2,1,1,60.44999999999986
2017-05-08,0,1,0,60.49999999999986
2017-05-09,1,0,1,60.49999999999986
2017-05-10,0,3,2,60.449999999999854
2017-05-11,0,2,5,60.049999999999855
2017-05-12,1,4,0,60.34999999999986
2017-05-13,1,0,1,60.34999999999986
2017-05-16,1,1,3,60.19999999999986
2017-05-17,0,3,1,60.24999999999986
2017-05-18,1,1,0,60.39999999999986
2017-05-19,1,2,2,60.39999999999986
2017-05-20,0,3,0,60.549999999999855
2017-05-24,2,0,0,60.74999999999986
2017-05-25,0,1,0,60.799999999999855
2017-05-26,1,0,2,60.699999999999854
2017-05-27,1,0,0,60.799999999999855
2017-05-30,0,0,2,60.59999999999985
2017-05-31,3,3,3,60.74999999999985
2017-06-01,0,1,2,60.599999999999845
2017-06-02,3,1,2,60.74999999999984
2017-06-03,1,5,0,61.09999999999984
2017-06-05,0,0,1,60.99999999999984
2017-06-06,1,2,2,60.99999999999984
2017-06-07,1,1,1,61.049999999999834
2017-06-08,0,1,1,60.99999999999983
2017-06-09,1,2,0,61.19999999999983
2017-06-10,2,1,1,61.34999999999983
2017-06-12,0,2,0,61.44999999999983
2017-06-13,2,2,2,61.549999999999834
2017-06-14,1,2,2,61.549999999999834
2017-06-15,1,2,2,61.549999999999834
2017-06-16,0,0,2,61.34999999999983
2017-06-17,1,1,0,61.49999999999983
2017-06-20,0,2,0,61.59999999999983
2017-06-21,0,1,2,61.449999999999825
2017-06-22,2,0,0,61.64999999999983
2017-06-23,0,0,2,61.449999999999825
2017-06-24,0,1,2,61.29999999999982
2017-06-28,1,0,2,61.19999999999982
2017-06-30,2,2,0,61.49999999999982
2017-07-01,1,0,2,61.39999999999982
2017-07-04,1,0,0,61.49999999999982
2017-07-05,0,3,1,61.54999999999982
2017-07-06,0,2,2,61.44999999999982
2017-07-07,0,0,1,61.34999999999982
2017-07-08,1,1,1,61.399999999999814
2017-07-11,0,3,2,61.34999999999981
2017-07-12,2,1,1,61.49999999999981
2017-07-13,2,1,1,61.64999999999981
2017-07-14,0,0,2,61.449999999999804
2017-07-15,0,1,2,61.2999999999998
2017-07-17,0,1,0,61.349999999999795
2017-07-18,0,3,0,61.499999999999794
2017-07-19,1,2,1,61.599999999999795
2017-07-20,0,2,0,61.6999999999998
2017-07-21,2,2,1,61.8999999999998
2017-07-22,1,1,1,61.9499999999998
2017-07-24,0,0,1,61.849999999999795
2017-07-25,0,3,0,61.999999999999794
2017-07-26,1,2,3,61.8999999999998
2017-07-27,0,2,1,61.8999999999998
2017-07-28,0,1,3,61.6499999999998
2017-07-29,3,1,1,61.89999999999979
2017-07-31,0,0,1,61.79999999999979
2017-08-02,1,1,2,61.74999999999979
2017-08-03,0,1,2,61.59999999999978
2017-08-04,1,0,3,61.399999999999785
2017-08-05,2,2,0,61.69999999999979
2017-08-08,1,0,0,61.79999999999979
2017-08-09,0,1,2,61.649999999999785
2017-08-10,0,0,1,61.549999999999784
2017-08-11,1,0,3,61.34999999999979
2017-08-12,1,0,1,61.34999999999979
2017-08-14,1,0,1,61.34999999999979
2017-08-15,1,0,1,61.34999999999979
2017-08-16,0,1,0,61.399999999999785
2017-08-17,0,0,2,61.19999999999978
2017-08-18,0,2,0,61.299999999999784
2017-08-19,1,0,0,61.399999999999785
2017-08-24,0,3,1,61.44999999999978
2017-08-25,1,0,2,61.34999999999978
2017-08-26,0,0,2,61.14999999999978
2017-08-28,1,0,0,61.24999999999978
2017-08-29,1,0,1,61.24999999999978
2017-08-30,1,0,0,61.34999999999978
2017-09-01,2,0,1,61.44999999999978
2017-09-02,2,0,0,61.649999999999785
2017-09-05,0,1,0,61.69999999999978
2017-09-06,2,1,1,61.84999999999978
2017-09-07,1,1,0,61.99999999999978
2017-09-08,1,0,0,62.09999999999978
2017-09-09,0,2,1,62.09999999999978
2017-09-12,0,2,1,62.09999999999978
2017-09-13,0,1,0,62.14999999999978
2017-09-14,1,0,0,62.24999999999978
2017-09-15,1,2,1,62.34999999999978
2017-09-16,0,1,0,62.39999999999978
2017-09-19,1,2,1,62.49999999999978
2017-09-20,1,0,1,62.49999999999978
2017-09-21,1,3,1,62.64999999999978
2017-09-22,0,1,0,62.699999999999775
2017-09-23,2,3,2,62.849999999999774
2017-09-25,2,2,0,63.14999999999978
2017-09-26,2,3,0,63.49999999999978
2017-09-27,2,3,0,63.84999999999978
2017-09-28,0,5,1,63.99999999999978
2017-09-29,0,4,1,64.09999999999978
2017-09-30,1,2,0,64.29999999999977
2017-10-03,1,0,1,64.29999999999977
2017-10-04,0,1,0,64.34999999999977
2017-10-05,1,0,0,64.44999999999976
2017-10-06,0,0,4,64.04999999999976
2017-10-07,0,1,1,63.99999999999975
2017-10-10,1,1,1,64.04999999999976
2017-10-11,0,2,0,64.14999999999975
2017-10-12,1,1,1,64.19999999999975
2017-10-13,0,0,2,63.999999999999744
2017-10-14,1,2,0,64.19999999999973
2017-10-16,0,1,1,64.14999999999974
2017-10-17,0,1,0,64.19999999999973
2017-10-18,0,2,0,64.29999999999973
2017-10-20,0,1,1,64.24999999999973
2017-10-21,0,2,2,64.14999999999972
2017-10-24,0,3,1,64.19999999999973
2017-10-25,0,0,1,64.09999999999974
2017-10-26,0,1,1,64.04999999999974
2017-10-27,3,3,0,64.49999999999974
2017-10-28,1,2,1,64.59999999999974
2017-10-30,0,0,2,64.39999999999974
2017-10-31,1,2,1,64.49999999999973
2017-11-01,1,0,1,64.49999999999973
2017-11-02,1,2,0,64.69999999999972
2017-11-03,1,3,2,64.74999999999972
2017-11-04,2,2,1,64.94999999999972
2017-11-06,1,2,0,65.14999999999971
2017-11-07,2,2,1,65.34999999999971
2017-11-08,0,5,0,65.59999999999971
2017-11-09,0,3,0,65.74999999999972
2017-11-10,1,3,1,65.89999999999972
2017-11-11,0,2,1,65.89999999999972
2017-11-13,0,1,0,65.94999999999972
2017-11-14,1,1,0,66.09999999999971
2017-11-16,1,2,1,66.1999999999997
2017-11-17,0,2,0,66.2999999999997
2017-11-18,0,2,3,66.0999999999997
2017-11-20,0,1,0,66.1499999999997
2017-11-21,2,1,1,66.2999999999997
2017-11-22,3,1,4,66.24999999999969
2017-11-23,0,2,1,66.24999999999969
2017-11-24,1,1,2,66.19999999999968
2017-11-25,1,3,1,66.34999999999968
2017-11-27,0,1,0,66.39999999999968
2017-11-28,0,2,2,66.29999999999967
2017-11-29,1,0,0,66.39999999999966
2017-11-30,1,1,1,66.44999999999966
2017-12-01,2,1,0,66.69999999999966
2017-12-02,0,2,0,66.79999999999966
2017-12-05,1,2,0,66.99999999999964
2017-12-06,1,0,2,66.89999999999964
2017-12-07,3,1,1,67.14999999999964
2017-12-08,2,1,2,67.19999999999963
2017-12-11,0,1,1,67.14999999999964
2017-12-12,1,0,0,67.24999999999963
2017-12-13,1,1,2,67.19999999999962
2017-12-14,0,2,2,67.09999999999961
2017-12-15,1,0,1,67.09999999999961
2017-12-16,0,1,2,66.9499999999996
2017-12-18,2,0,0,67.14999999999961
2017-12-19,3,0,0,67.4499999999996
2017-12-20,0,1,1,67.39999999999961
2017-12-21,1,1,1,67.4499999999996
2017-12-22,1,1,0,67.5999999999996
2017-12-23,1,1,0,67.74999999999959
2017-12-26,0,1,0,67.79999999999959
2017-12-27,1,2,0,67.99999999999957
2017-12-28,0,1,1,67.94999999999958
2017-12-29,0,0,1,67.84999999999958
2017-12-30,1,0,2,67.74999999999957
2018-01-02,2,0,0,67.94999999999958
2018-01-03,2,1,1,68.09999999999958
2018-01-04,1,1,0,68.24999999999957
2018-01-05,1,0,1,68.24999999999957
2018-01-06,2,1,0,68.49999999999957
2018-01-08,1,0,0,68.59999999999957
2018-01-09,1,0,0,68.69999999999956
2018-01-10,2,1,0,68.94999999999956
2018-01-12,1,1,1,68.99999999999956
2018-01-13,1,2,0,69.19999999999955
2018-01-16,2,2,0,69.49999999999955
2018-01-17,1,1,3,69.34999999999954
2018-01-18,0,2,1,69.34999999999954
2018-01-19,3,1,0,69.69999999999953
2018-01-20,1,0,0,69.79999999999953
2018-01-23,0,2,0,69.89999999999952
2018-01-24,0,1,0,69.94999999999952
2018-01-25,0,1,0,69.99999999999952
2018-01-26,1,2,0,70.1999999999995
2018-01-27,0,1,0,70.2499999999995
2018-01-29,1,1,0,70.3999999999995
2018-01-30,1,0,0,70.49999999999949
2018-01-31,0,2,3,70.29999999999949
2018-02-01,0,2,3,70.09999999999948
2018-02-02,1,3,3,70.04999999999949
2018-02-03,0,6,3,70.04999999999949
2018-02-05,0,4,0,70.24999999999949
2018-02-06,0,2,0,70.34999999999948
2018-02-07,2,0,3,70.24999999999949
2018-02-08,0,4,4,70.04999999999949
2018-02-09,1,4,3,70.04999999999949
2018-02-10,0,1,2,69.89999999999948
2018-02-12,0,1,0,69.94999999999948
2018-02-13,2,2,3,69.94999999999948
2018-02-14,2,3,0,70.29999999999949
2018-02-15,0,1,2,70.14999999999948
2018-02-16,0,3,1,70.19999999999949
2018-02-17,0,3,2,70.1499999999995
2018-02-20,0,2,1,70.1499999999995
2018-02-21,1,3,2,70.19999999999949
2018-02-22,0,3,1,70.2499999999995
2018-02-23,1,1,1,70.2999999999995
2018-02-24,3,3,0,70.7499999999995
2018-02-27,1,5,0,71.0999999999995
2018-02-28,0,2,1,71.0999999999995
2018-03-01,1,1,3,70.94999999999949
2018-03-02,1,2,3,70.84999999999948
2018-03-03,2,0,1,70.94999999999949
2018-03-05,0,1,1,70.8999999999995
2018-03-06,1,3,1,71.0499999999995
2018-03-07,2,2,1,71.2499999999995
2018-03-08,0,1,4,70.8999999999995
2018-03-09,0,4,3,70.7999999999995
2018-03-10,0,0,2,70.5999999999995
2018-03-12,0,1,1,70.5499999999995
2018-03-13,2,1,2,70.5999999999995
2018-03-14,1,1,1,70.6499999999995
2018-03-15,0,1,1,70.5999999999995
2018-03-16,0,3,1,70.64999999999951
2018-03-17,2,2,0,70.9499999999995
2018-03-19,0,1,0,70.9999999999995
2018-03-20,0,0,1,70.89999999999951
2018-03-21,0,1,3,70.64999999999951
2018-03-22,3,2,1,70.9499999999995
2018-03-23,1,0,4,70.6499999999995
2018-03-24,3,2,0,71.04999999999949
2018-03-26,0,1,0,71.09999999999948
2018-03-27,0,1,2,70.94999999999948
2018-03-28,1,0,3,70.74999999999947
2018-03-29,0,1,2,70.59999999999947
2018-03-30,0,1,1,70.54999999999947
2018-03-31,0,1,0,70.59999999999947
2018-04-02,0,0,1,70.49999999999947
2018-04-03,1,0,1,70.49999999999947
2018-04-04,0,0,2,70.29999999999947
2018-04-05,1,3,3,70.24999999999947
2018-04-06,0,2,1,70.24999999999947
2018-04-07,0,4,1,70.34999999999948
2018-04-09,1,1,0,70.49999999999947
2018-04-10,1,6,3,70.59999999999947
2018-04-11,2,3,2,70.74999999999947
2018-04-12,1,3,3,70.69999999999948
2018-04-13,1,1,1,70.74999999999947
2018-04-14,3,5,1,71.19999999999948
2018-04-16,1,2,2,71.19999999999946
2018-04-17,0,4,1,71.29999999999947
2018-04-18,0,1,1,71.24999999999947
2018-04-19,1,1,3,71.09999999999947
2018-04-20,0,1,3,70.84999999999947
2018-04-21,1,1,1,70.89999999999947
2018-04-23,0,4,0,71.09999999999947
2018-04-24,1,3,2,71.14999999999947
2018-04-25,0,2,3,70.94999999999946
2018-04-26,1,1,2,70.89999999999945
2018-04-27,2,1,5,70.64999999999945
2018-04-28,2,2,2,70.74999999999945
2018-04-30,0,0,1,70.64999999999945
2018-05-01,2,1,1,70.79999999999946
2018-05-02,2,3,0,71.14999999999947
2018-05-03,0,1,0,71.19999999999946
2018-05-04,1,0,1,71.19999999999946
2018-05-05,0,2,0,71.29999999999946
2018-05-07,0,2,0,71.39999999999945
2018-05-08,0,0,1,71.29999999999946
2018-05-09,1,1,0,71.44999999999945
2018-05-10,1,2,3,71.34999999999944
2018-05-11,1,0,3,71.14999999999944
2018-05-12,1,3,0,71.39999999999944
2018-05-14,0,1,0,71.44999999999943
2018-05-17,1,7,1,71.79999999999943
2018-05-18,0,3,1,71.84999999999944
2018-05-19,0,1,3,71.59999999999944
2018-05-22,0,1,2,71.44999999999943
2018-05-23,2,1,1,71.59999999999944
2018-05-24,0,4,2,71.59999999999944
2018-05-25,0,3,2,71.54999999999944
2018-05-26,2,2,1,71.74999999999945
2018-05-28,1,2,2,71.74999999999943
2018-05-29,0,1,4,71.39999999999942
2018-05-30,4,4,1,71.89999999999944
2018-05-31,0,5,3,71.84999999999944
2018-06-01,3,2,1,72.14999999999944
2018-06-02,0,3,1,72.19999999999945
2018-06-04,0,2,0,72.29999999999944
2018-06-05,0,2,2,72.19999999999943
2018-06-06,0,2,1,72.19999999999943
2018-06-07,1,2,1,72.29999999999943
2018-06-08,0,2,1,72.29999999999943
2018-06-09,0,2,1,72.29999999999943
2018-06-11,0,1,0,72.34999999999943
2018-06-12,1,1,1,72.39999999999942
2018-06-13,2,2,0,72.69999999999942
2018-06-14,0,2,1,72.69999999999942
2018-06-15,1,3,1,72.84999999999943
2018-06-16,0,1,1,72.79999999999943
2018-06-19,1,1,1,72.84999999999943
2018-06-20,0,2,0,72.94999999999942
2018-06-21,1,0,0,73.04999999999941
2018-06-22,0,0,1,72.94999999999942
2018-06-23,0,5,1,73.09999999999943
2018-06-26,0,0,1,72.99999999999943
2018-06-27,0,0,2,72.79999999999943
2018-06-28,0,1,2,72.64999999999942
2018-06-29,2,1,1,72.79999999999943
2018-06-30,0,0,2,72.59999999999943
2018-07-03,0,2,0,72.69999999999942
2018-07-04,1,2,1,72.79999999999941
2018-07-05,3,0,0,73.09999999999941
2018-07-06,2,1,1,73.24999999999942
2018-07-07,0,1,1,73.19999999999942
2018-07-10,0,1,1,73.14999999999942
2018-07-11,3,0,1,73.34999999999943
2018-07-12,0,2,0,73.44999999999942
2018-07-13,1,2,1,73.54999999999941
2018-07-14,1,0,0,73.64999999999941
2018-07-17,0,1,0,73.6999999999994
2018-07-18,0,0,1,73.59999999999941
2018-07-19,3,1,2,73.7499999999994
2018-07-20,1,0,2,73.6499999999994
2018-07-21,0,3,0,73.7999999999994
2018-07-23,0,1,0,73.8499999999994
2018-07-24,0,1,2,73.69999999999939
2018-07-25,0,0,1,73.5999999999994
2018-07-26,0,2,2,73.49999999999939
2018-07-27,0,0,2,73.29999999999939
2018-07-28,2,2,1,73.49999999999939
2018-07-31,2,1,0,73.74999999999939
2018-08-01,0,0,1,73.6499999999994
2018-08-03,1,2,2,73.64999999999938
2018-08-04,0,2,2,73.54999999999937
2018-08-07,1,0,0,73.64999999999937
2018-08-08,0,2,1,73.64999999999937
2018-08-10,2,2,1,73.84999999999937
2018-08-11,2,0,1,73.94999999999938
2018-08-14,0,0,1,73.84999999999938
2018-08-15,1,0,0,73.94999999999938
2018-08-16,0,1,0,73.99999999999937
2018-08-17,1,0,2,73.89999999999937
2018-08-18,0,2,0,73.99999999999936
2018-08-20,0,1,1,73.94999999999936
2018-08-21,1,1,0,74.09999999999935
2018-08-22,0,1,0,74.14999999999935
2018-08-23,1,1,0,74.29999999999934
2018-08-24,1,0,2,74.19999999999933
2018-08-25,1,1,0,74.34999999999933
2018-08-28,0,1,0,74.39999999999932
2018-08-29,0,0,1,74.29999999999933
2018-08-30,1,0,1,74.29999999999933
2018-08-31,3,2,4,74.29999999999932
2018-09-01,2,3,1,74.54999999999933
2018-09-04,1,1,0,74.69999999999932
2018-09-05,2,1,4,74.54999999999932
2018-09-06,3,0,1,74.74999999999932
2018-09-07,1,4,0,75.04999999999932
2018-09-08,0,1,3,74.79999999999932
2018-09-11,1,1,0,74.9499999999993
2018-09-12,0,2,0,75.0499999999993
2018-09-13,0,1,0,75.0999999999993
2018-09-14,1,1,1,75.1499999999993
2018-09-15,2,0,1,75.2499999999993
2018-09-17,0,1,1,75.1999999999993
2018-09-18,1,1,3,75.0499999999993
2018-09-19,1,2,0,75.24999999999929
2018-09-20,0,0,2,75.04999999999929
2018-09-21,2,2,1,75.24999999999929
2018-09-22,2,0,2,75.24999999999929
2018-09-24,1,0,0,75.34999999999928
2018-09-25,0,3,0,75.49999999999929
2018-09-26,1,2,1,75.59999999999928
2018-09-27,1,2,1,75.69999999999928
2018-09-28,0,1,0,75.74999999999928
2018-09-29,1,1,2,75.69999999999926
2018-10-02,4,1,0,76.14999999999927
2018-10-03,1,1,1,76.19999999999926
2018-10-04,2,0,6,75.79999999999927
2018-10-05,0,2,0,75.89999999999927
2018-10-06,1,0,1,75.89999999999927
2018-10-10,0,2,2,75.79999999999926
2018-10-11,0,0,1,75.69999999999926
2018-10-12,1,0,0,75.79999999999926
2018-10-13,0,2,2,75.69999999999925
2018-10-15,0,0,2,75.49999999999925
2018-10-16,0,0,2,75.29999999999924
2018-10-18,0,1,1,75.24999999999925
2018-10-19,2,1,1,75.39999999999925
2018-10-20,1,0,1,75.39999999999925
2018-10-22,1,1,0,75.54999999999924
2018-10-23,1,1,1,75.59999999999924
2018-10-24,2,0,0,75.79999999999924
2018-10-25,0,2,0,75.89999999999924
2018-10-26,0,2,0,75.99999999999923
2018-10-27,1,2,2,75.99999999999922
2018-10-29,0,1,0,76.04999999999922
2018-10-30,0,2,2,75.9499999999992
2018-10-31,0,2,2,75.8499999999992
2018-11-01,2,0,1,75.9499999999992
2018-11-02,2,1,1,76.09999999999921
2018-11-03,0,1,1,76.04999999999922
2018-11-06,1,0,2,75.9499999999992
2018-11-07,1,1,0,76.0999999999992
2018-11-08,1,1,0,76.24999999999919
2018-11-09,0,0,1,76.1499999999992
2018-11-10,0,1,2,75.99999999999919
2018-11-13,1,0,0,76.09999999999918
2018-11-14,2,1,1,76.24999999999919
2018-11-15,0,3,1,76.2999999999992
2018-11-16,0,1,1,76.2499999999992
2018-11-17,0,1,1,76.1999999999992
2018-11-19,0,1,1,76.14999999999921
2018-11-20,1,3,2,76.1999999999992
2018-11-21,0,1,2,76.0499999999992
2018-11-22,2,3,3,76.09999999999921
2018-11-23,0,5,1,76.24999999999922
2018-11-24,0,2,2,76.14999999999921
2018-11-27,2,2,0,76.4499999999992
2018-11-28,3,3,3,76.59999999999921
2018-11-29,0,0,6,75.99999999999922
2018-11-30,1,3,2,76.04999999999922
2018-12-01,1,2,1,76.14999999999921
2018-12-03,0,2,3,75.9499999999992
2018-12-04,3,2,1,76.2499999999992
2018-12-05,0,2,1,76.2499999999992
2018-12-06,0,1,1,76.1999999999992
2018-12-07,1,0,1,76.1999999999992
2018-12-08,0,2,4,75.8999999999992
2018-12-10,0,1,1,75.8499999999992
2018-12-11,0,1,0,75.8999999999992
2018-12-12,1,1,2,75.84999999999918
2018-12-13,1,2,3,75.74999999999918
2018-12-14,0,3,0,75.89999999999918
2018-12-15,1,2,1,75.99999999999918
2018-12-17,0,1,0,76.04999999999917
2018-12-18,1,0,3,75.84999999999917
2018-12-19,2,3,1,76.09999999999918
2018-12-20,0,1,1,76.04999999999919
2018-12-21,3,0,0,76.34999999999918
2018-12-22,0,0,1,76.24999999999919
2018-12-24,0,2,0,76.34999999999918
2018-12-26,0,1,2,76.19999999999918
2018-12-27,0,3,1,76.24999999999919
2018-12-28,0,3,1,76.2999999999992
2018-12-29,0,3,1,76.34999999999921
2018-12-31,0,2,0,76.4499999999992
2019-01-02,1,1,2,76.3999999999992
2019-01-03,1,0,1,76.3999999999992
2019-01-04,0,2,0,76.49999999999919
2019-01-05,0,0,2,76.29999999999919
2019-01-07,0,1,1,76.24999999999919
2019-01-08,0,3,0,76.3999999999992
2019-01-09,3,3,0,76.8499999999992
2019-01-10,0,1,2,76.69999999999919
2019-01-11,1,3,2,76.74999999999919
2019-01-12,0,1,2,76.59999999999918
2019-01-14,0,1,0,76.64999999999918
2019-01-15,0,3,1,76.69999999999919
2019-01-16,1,1,2,76.64999999999918
2019-01-17,0,4,0,76.84999999999918
2019-01-18,2,1,0,77.09999999999918
2019-01-19,0,0,3,76.79999999999919
2019-01-21,0,1,0,76.84999999999918
2019-01-22,1,2,1,76.94999999999918
2019-01-23,2,0,1,77.04999999999919
2019-01-24,0,1,0,77.09999999999918
2019-01-25,1,0,0,77.19999999999918
2019-01-26,1,1,1,77.24999999999918
2019-01-29,0,1,2,77.09999999999917
2019-01-30,0,3,1,77.14999999999918
2019-01-31,1,1,0,77.29999999999917
2019-02-01,0,2,1,77.29999999999917
2019-02-02,0,2,1,77.29999999999917
2019-02-05,1,0,1,77.29999999999917
2019-02-06,1,1,0,77.44999999999916
2019-02-07,0,0,1,77.34999999999917
2019-02-08,1,2,1,77.44999999999916
2019-02-09,0,0,3,77.14999999999917
2019-02-11,0,1,0,77.19999999999916
2019-02-13,1,3,0,77.44999999999916
2019-02-14,0,0,1,77.34999999999917
2019-02-15,1,2,1,77.44999999999916
2019-02-16,0,2,1,77.44999999999916
2019-02-19,0,0,1,77.34999999999917
2019-02-20,2,2,2,77.44999999999916
2019-02-21,1,1,2,77.39999999999915
2019-02-22,0,0,1,77.29999999999916
2019-02-23,0,2,1,77.29999999999916
2019-02-26,1,2,1,77.39999999999915
2019-02-27,0,2,1,77.39999999999915
2019-02-28,0,4,2,77.39999999999915
2019-03-01,0,4,2,77.39999999999915
2019-03-02,0,0,1,77.29999999999916
2019-03-04,0,0,2,77.09999999999916
2019-03-05,0,3,1,77.14999999999917
2019-03-06,0,5,1,77.29999999999917
2019-03-08,0,1,2,77.14999999999917
2019-03-09,0,2,1,77.14999999999917
2019-03-12,1,0,0,77.24999999999916
2019-03-13,2,0,1,77.34999999999917
2019-03-15,0,1,0,77.39999999999917
2019-03-16,2,0,2,77.39999999999917
2019-03-19,0,1,2,77.24999999999916
2019-03-20,2,3,0,77.59999999999917
2019-03-21,1,0,1,77.59999999999917
2019-03-22,0,1,1,77.54999999999917
2019-03-23,2,2,0,77.84999999999917
2019-03-26,0,0,1,77.74999999999918
2019-03-27,0,2,0,77.84999999999917
2019-03-28,1,1,1,77.89999999999917
2019-03-29,0,2,0,77.99999999999916
2019-03-30,1,2,2,77.99999999999915
2019-04-01,1,1,0,78.14999999999914
2019-04-02,0,3,0,78.29999999999914
2019-04-03,1,2,1,78.39999999999914
2019-04-04,0,1,1,78.34999999999914
2019-04-05,2,1,2,78.39999999999914
2019-04-06,1,3,0,78.64999999999914
2019-04-08,0,2,0,78.74999999999913
2019-04-09,0,3,5,78.39999999999914
2019-04-10,1,2,2,78.39999999999912
2019-04-11,0,1,0,78.44999999999912
2019-04-12,0,4,1,78.54999999999913
2019-04-13,1,5,2,78.69999999999912
2019-04-15,1,2,1,78.79999999999912
2019-04-16,0,2,1,78.79999999999912
2019-04-17,3,0,2,78.89999999999911
2019-04-18,2,3,3,78.94999999999912
2019-04-19,0,4,1,79.04999999999913
2019-04-20,1,1,1,79.09999999999913
2019-04-23,0,3,2,79.04999999999913
2019-04-24,1,2,1,79.14999999999912
2019-04-25,1,0,2,79.04999999999912
2019-04-26,3,5,1,79.49999999999912
2019-04-27,1,1,5,79.14999999999911
2019-04-29,1,1,0,79.2999999999991
2019-04-30,1,2,5,78.99999999999909
2019-05-01,1,2,3,78.89999999999908
2019-05-02,1,3,3,78.84999999999908
2019-05-03,0,2,1,78.84999999999908
2019-05-04,4,1,1,79.1999999999991
2019-05-08,2,2,1,79.3999999999991
2019-05-09,0,1,2,79.24999999999909
2019-05-10,0,3,2,79.1999999999991
2019-05-13,0,0,1,79.0999999999991
2019-05-14,0,0,1,78.9999999999991
2019-05-15,0,2,3,78.7999999999991
2019-05-16,0,0,2,78.5999999999991
2019-05-17,2,2,2,78.6999999999991
2019-05-18,1,1,0,78.84999999999908
2019-05-21,1,1,0,78.99999999999908
2019-05-22,0,5,0,79.24999999999908
2019-05-23,1,2,0,79.44999999999906
2019-05-24,0,1,1,79.39999999999907
2019-05-25,1,3,2,79.44999999999906
2019-05-27,0,1,0,79.49999999999906
2019-05-28,0,1,3,79.24999999999906
2019-05-29,1,1,1,79.29999999999906
2019-05-30,1,2,0,79.49999999999905
2019-05-31,0,3,1,79.54999999999906
2019-06-01,1,1,1,79.59999999999906
2019-06-03,0,0,1,79.49999999999906
2019-06-04,0,1,1,79.44999999999906
2019-06-05,0,2,0,79.54999999999906
2019-06-06,2,0,1,79.64999999999907
2019-06-07,0,2,2,79.54999999999906
2019-06-08,0,3,1,79.59999999999907
2019-06-10,1,1,0,79.74999999999906
2019-06-11,0,0,2,79.54999999999906
2019-06-12,2,2,0,79.84999999999906
2019-06-13,1,0,2,79.74999999999905
2019-06-14,0,3,4,79.49999999999905
2019-06-15,2,0,2,79.49999999999905
2019-06-17,1,2,0,79.69999999999904
2019-06-18,1,4,0,79.99999999999903
2019-06-19,4,1,1,80.34999999999904
2019-06-20,3,7,1,80.89999999999904
2019-06-21,0,1,2,80.74999999999903
2019-06-22,5,1,2,81.09999999999903
2019-06-24,0,1,0,81.14999999999903
2019-06-25,0,2,2,81.04999999999902
2019-06-26,0,0,1,80.94999999999902
2019-06-27,0,1,0,80.99999999999902
2019-06-28,3,2,2,81.19999999999901
2019-06-29,0,0,1,81.09999999999901
2019-07-02,0,1,0,81.14999999999901
2019-07-03,1,2,1,81.249999999999
2019-07-04,1,1,0,81.399999999999
2019-07-05,1,0,2,81.29999999999899
2019-07-06,1,2,0,81.49999999999898
2019-07-08,0,0,1,81.39999999999898
2019-07-09,0,6,0,81.69999999999898
2019-07-10,3,1,0,82.04999999999897
2019-07-12,1,2,0,82.24999999999896
2019-07-13,0,1,2,82.09999999999896
2019-07-16,1,1,0,82.24999999999895
2019-07-17,2,0,1,82.34999999999896
2019-07-19,0,0,1,82.24999999999896
2019-07-20,0,2,0,82.34999999999896
2019-07-22,0,1,0,82.39999999999895
2019-07-23,1,0,1,82.39999999999895
2019-07-24,0,3,0,82.54999999999896
2019-07-25,1,2,1,82.64999999999895
2019-07-26,2,4,1,82.94999999999897
2019-07-27,0,1,1,82.89999999999897
2019-07-31,1,0,0,82.99999999999896
2019-08-02,0,3,1,83.04999999999897
2019-08-03,3,1,0,83.39999999999897
2019-08-06,0,1,1,83.34999999999897
2019-08-07,0,3,1,83.39999999999898
2019-08-08,0,1,0,83.44999999999898
2019-08-09,2,0,1,83.54999999999899
2019-08-10,0,2,1,83.54999999999899
2019-08-13,1,1,0,83.69999999999898
2019-08-14,0,1,1,83.64999999999898
2019-08-15,0,1,1,83.59999999999899
2019-08-16,0,1,0,83.64999999999898
2019-08-17,2,1,2,83.69999999999898
2019-08-19,0,1,0,83.74999999999898
2019-08-20,2,1,0,83.99999999999898
2019-08-21,0,3,0,84.14999999999898
2019-08-22,0,1,2,83.99999999999898
2019-08-23,0,0,1,83.89999999999898
2019-08-24,1,0,2,83.79999999999897
2019-08-26,0,1,0,83.84999999999897
2019-08-28,0,2,0,83.94999999999897
2019-08-29,1,0,1,83.94999999999897
2019-08-30,3,0,0,84.24999999999896
2019-08-31,0,1,2,84.09999999999896
2019-09-03,1,0,0,84.19999999999895
2019-09-04,1,0,0,84.29999999999895
2019-09-05,2,0,1,84.39999999999895
2019-09-06,0,2,2,84.29999999999895
2019-09-07,1,2,2,84.29999999999893
2019-09-09,1,1,0,84.44999999999892
2019-09-10,2,3,2,84.59999999999893
2019-09-11,0,4,4,84.39999999999893
2019-09-12,0,3,1,84.44999999999894
2019-09-13,2,0,1,84.54999999999895
2019-09-14,0,3,0,84.69999999999895
2019-09-16,1,0,0,84.79999999999895
2019-09-17,2,1,2,84.84999999999894
2019-09-18,0,2,1,84.84999999999894
2019-09-19,1,0,1,84.84999999999894
2019-09-20,1,1,1,84.89999999999894
2019-09-21,0,0,2,84.69999999999894
2019-09-23,1,0,1,84.69999999999894
2019-09-24,1,2,1,84.79999999999893
2019-09-25,0,3,2,84.74999999999893
2019-09-26,0,1,1,84.69999999999894
2019-09-27,1,4,2,84.79999999999893
2019-09-28,1,1,3,84.64999999999893
2019-09-30,0,1,1,84.59999999999893
2019-10-02,1,1,2,84.54999999999892
2019-10-03,0,5,0,84.79999999999892
2019-10-04,0,1,1,84.74999999999892
2019-10-05,0,1,1,84.69999999999892
2019-10-07,1,1,0,84.84999999999891
2019-10-08,0,0,1,84.74999999999892
2019-10-09,0,2,0,84.84999999999891
2019-10-10,1,2,2,84.8499999999989
2019-10-11,0,1,2,84.6999999999989
2019-10-12,0,2,2,84.59999999999889
2019-10-15,1,0,1,84.59999999999889
2019-10-16,1,5,1,84.84999999999889
2019-10-17,0,1,0,84.89999999999888
2019-10-18,0,2,0,84.99999999999888
2019-10-19,0,5,2,85.04999999999887
2019-10-21,0,0,1,84.94999999999888
2019-10-22,3,1,6,84.69999999999888
2019-10-23,0,6,3,84.69999999999888
2019-10-24,1,1,4,84.44999999999887
2019-10-25,3,0,2,84.54999999999886
2019-10-26,0,1,0,84.59999999999886
2019-10-29,0,2,1,84.59999999999886
2019-10-30,0,3,1,84.64999999999887
2019-10-31,1,3,0,84.89999999999887
2019-11-01,3,2,6,84.69999999999887
2019-11-02,2,7,1,85.14999999999887
2019-11-04,0,3,0,85.29999999999887
2019-11-05,1,0,2,85.19999999999887
2019-11-06,0,4,1,85.29999999999887
2019-11-07,1,1,1,85.34999999999887
2019-11-08,2,4,1,85.64999999999888
2019-11-09,2,2,1,85.84999999999889
2019-11-12,1,0,1,85.84999999999889
2019-11-13,0,2,2,85.74999999999888
2019-11-14,1,3,2,85.79999999999887
2019-11-15,0,4,3,85.69999999999888
2019-11-16,1,5,1,85.94999999999888
2019-11-19,1,1,0,86.09999999999887
2019-11-20,0,0,2,85.89999999999887
2019-11-21,1,1,1,85.94999999999887
2019-11-22,0,2,1,85.94999999999887
2019-11-23,3,3,1,86.29999999999887
2019-11-26,1,3,0,86.54999999999887
2019-11-27,1,1,1,86.59999999999887
2019-11-28,1,1,0,86.74999999999886
2019-11-29,2,2,0,87.04999999999886
2019-11-30,0,2,1,87.04999999999886
2019-12-02,0,0,1,86.94999999999887
2019-12-03,0,3,3,86.79999999999887
2019-12-04,0,2,0,86.89999999999887
2019-12-05,3,2,0,87.29999999999886
2019-12-07,0,2,4,86.99999999999885
2019-12-09,0,1,0,87.04999999999885
2019-12-10,1,2,1,87.14999999999884
2019-12-11,1,2,0,87.34999999999883
2019-12-12,1,3,1,87.49999999999883
2019-12-13,1,1,0,87.64999999999883
2019-12-14,2,2,0,87.94999999999882
2019-12-17,0,1,1,87.89999999999883
2019-12-18,0,1,0,87.94999999999882
2019-12-19,0,3,1,87.99999999999883
2019-12-20,3,1,2,88.14999999999883
2019-12-21,1,2,0,88.34999999999881
2019-12-23,0,0,1,88.24999999999882
2019-12-24,1,1,0,88.39999999999881
2019-12-27,1,0,1,88.39999999999881
2019-12-28,0,0,1,88.29999999999882
2019-12-30,0,0,1,88.19999999999882
2019-12-31,0,1,0,88.24999999999882
2020-01-02,0,1,1,88.19999999999882
2020-01-03,1,1,0,88.34999999999881
2020-01-04,1,0,0,88.44999999999881
2020-01-06,1,0,0,88.5499999999988
2020-01-07,0,1,2,88.3999999999988
2020-01-08,0,1,2,88.24999999999879
2020-01-09,0,3,0,88.3999999999988
2020-01-10,1,1,1,88.4499999999988
2020-01-11,1,2,1,88.54999999999879
2020-01-14,2,1,0,88.79999999999879
2020-01-15,2,3,1,89.0499999999988
2020-01-16,0,0,1,88.94999999999881
2020-01-17,2,0,0,89.14999999999881
2020-01-18,0,0,1,89.04999999999882
2020-01-20,0,2,0,89.14999999999881
2020-01-21,0,2,3,88.94999999999881
2020-01-23,0,0,4,88.5499999999988
2020-01-24,0,2,0,88.6499999999988
2020-01-25,0,1,0,88.6999999999988
2020-01-27,0,1,0,88.74999999999879
2020-01-28,1,1,0,88.89999999999878
2020-01-29,1,0,1,88.89999999999878
2020-01-30,1,0,1,88.89999999999878
2020-01-31,3,1,2,89.04999999999878
2020-02-01,0,2,2,88.94999999999877
2020-02-03,0,2,0,89.04999999999876
2020-02-04,0,2,1,89.04999999999876
2020-02-05,4,1,2,89.29999999999876
2020-02-06,1,3,1,89.44999999999877
2020-02-07,3,1,1,89.69999999999877
2020-02-08,2,1,3,89.64999999999877
2020-02-10,1,2,1,89.74999999999876
2020-02-11,1,4,3,89.74999999999876
2020-02-12,0,5,0,89.99999999999876
2020-02-13,1,1,2,89.94999999999875
2020-02-14,0,1,3,89.69999999999875
2020-02-15,1,1,5,89.34999999999874
2020-02-18,0,2,0,89.44999999999874
2020-02-19,0,1,1,89.39999999999874
2020-02-20,0,5,1,89.54999999999875
2020-02-21,0,2,1,89.54999999999875
2020-02-22,0,4,2,89.54999999999875
2020-02-24,0,1,2,89.39999999999874
2020-02-25,1,2,8,88.79999999999873
2020-02-26,1,5,1,89.04999999999873
2020-02-27,2,2,3,89.04999999999873
2020-02-28,1,5,1,89.29999999999873
2020-02-29,2,3,2,89.44999999999874
2020-03-02,1,1,0,89.59999999999873
2020-03-03,2,2,1,89.79999999999873
2020-03-04,0,1,0,89.84999999999873
2020-03-05,0,0,1,89.74999999999874
2020-03-06,0,3,1,89.79999999999875
2020-03-07,0,4,1,89.89999999999876
2020-03-09,0,0,2,89.69999999999875
2020-03-10,0,1,10,88.74999999999875
2020-03-11,2,0,3,88.64999999999876
2020-03-12,0,3,1,88.69999999999877
2020-03-13,0,1,0,88.74999999999876
2020-03-14,0,1,2,88.59999999999876
2020-03-16,0,0,1,88.49999999999876
2020-03-19,0,1,2,88.34999999999876
2020-03-20,2,1,2,88.39999999999876
2020-03-21,1,1,1,88.44999999999875
2020-03-23,0,1,0,88.49999999999875
2020-03-24,1,0,1,88.49999999999875
2020-03-25,1,0,1,88.49999999999875
2020-03-26,1,0,0,88.59999999999874
2020-03-27,0,2,0,88.69999999999874
2020-03-28,2,1,1,88.84999999999874
2020-03-31,0,0,2,88.64999999999874
2020-04-01,1,3,2,88.69999999999874
2020-04-02,1,0,3,88.49999999999874
2020-04-03,0,1,0,88.54999999999873
2020-04-04,0,1,0,88.59999999999873
2020-04-06,1,0,0,88.69999999999872
2020-04-07,0,2,1,88.69999999999872
2020-04-08,0,1,1,88.64999999999873
2020-04-09,1,0,2,88.54999999999872
2020-04-11,0,2,0,88.64999999999871
2020-04-14,2,0,0,88.84999999999872
2020-04-15,0,1,1,88.79999999999872
2020-04-16,2,0,1,88.89999999999873
2020-04-17,1,1,1,88.94999999999872
2020-04-18,2,0,1,89.04999999999873
2020-04-21,0,0,2,88.84999999999873
2020-04-22,0,0,1,88.74999999999874
2020-04-23,0,2,2,88.64999999999873
2020-04-24,1,0,1,88.64999999999873
2020-04-25,2,0,2,88.64999999999873
2020-04-27,0,1,0,88.69999999999872
2020-04-28,1,1,2,88.64999999999871
2020-04-29,0,1,0,88.69999999999871
2020-04-30,1,1,0,88.8499999999987
2020-05-01,1,2,1,88.9499999999987
2020-05-02,0,1,1,88.8999999999987
2020-05-05,1,0,1,88.8999999999987
2020-05-06,0,1,2,88.74999999999869
2020-05-07,1,2,0,88.94999999999868
2020-05-08,0,1,4,88.59999999999867
2020-05-09,0,0,1,88.49999999999868
2020-05-11,1,0,0,88.59999999999867
2020-05-12,0,1,2,88.44999999999867
2020-05-13,1,1,2,88.39999999999866
2020-05-14,0,0,3,88.09999999999866
2020-05-15,0,0,1,87.99999999999866
2020-05-16,1,2,2,87.99999999999865
2020-05-19,0,4,0,88.19999999999865
2020-05-20,1,2,1,88.29999999999865
2020-05-21,1,0,1,88.29999999999865
2020-05-22,0,1,1,88.24999999999865
2020-05-23,0,1,0,88.29999999999865
2020-05-26,0,3,1,88.34999999999866
2020-05-27,0,0,1,88.24999999999866
2020-05-28,0,0,1,88.14999999999867
2020-05-29,0,1,1,88.09999999999867
2020-05-30,1,1,1,88.14999999999867
2020-06-01,0,0,1,88.04999999999868
2020-06-02,1,0,1,88.04999999999868
2020-06-03,1,0,0,88.14999999999867
2020-06-04,0,0,1,88.04999999999868
2020-06-05,1,1,0,88.19999999999867
2020-06-06,1,1,0,88.34999999999866
2020-06-09,2,1,0,88.59999999999866
2020-06-10,0,1,0,88.64999999999866
2020-06-12,1,0,1,88.64999999999866
2020-06-15,0,1,2,88.49999999999865
2020-06-16,1,1,0,88.64999999999864
2020-06-17,0,0,2,88.44999999999864
2020-06-18,0,1,1,88.39999999999864
2020-06-19,0,0,1,88.29999999999865
2020-06-20,1,0,0,88.39999999999864
2020-06-23,0,1,0,88.44999999999864
2020-06-24,0,2,2,88.34999999999863
2020-06-25,1,1,0,88.49999999999862
2020-06-26,0,1,1,88.44999999999862
2020-06-27,2,1,1,88.59999999999863
2020-06-30,1,0,0,88.69999999999862
2020-07-02,0,3,0,88.84999999999863
2020-07-03,0,2,1,88.84999999999863
2020-07-04,0,0,1,88.74999999999864
2020-07-06,0,1,0,88.79999999999863
2020-07-08,0,1,1,88.74999999999864
2020-07-10,1,0,2,88.64999999999863
2020-07-11,1,1,0,88.79999999999862
2020-07-14,0,0,1,88.69999999999862
2020-07-16,0,0,1,88.59999999999863
2020-07-17,0,2,0,88.69999999999862
2020-07-18,0,0,1,88.59999999999863
2020-07-20,0,1,0,88.64999999999863
2020-07-22,0,1,1,88.59999999999863
2020-07-23,0,0,2,88.39999999999863
2020-07-24,1,0,1,88.39999999999863
2020-07-25,0,1,1,88.34999999999863
2020-07-27,1,0,0,88.44999999999862
2020-07-29,0,0,2,88.24999999999862
2020-07-30,3,0,1,88.44999999999862
2020-07-31,3,0,1,88.64999999999863
2020-08-01,0,0,1,88.54999999999863
2020-08-05,0,1,0,88.59999999999863
2020-08-06,0,1,1,88.54999999999863
2020-08-07,0,2,1,88.54999999999863
2020-08-08,1,0,0,88.64999999999863
2020-08-10,1,0,0,88.74999999999862
2020-08-11,0,1,0,88.79999999999862
2020-08-12,2,0,0,88.99999999999862
2020-08-14,1,1,2,88.94999999999861
2020-08-18,1,2,0,89.1499999999986
2020-08-19,2,0,0,89.3499999999986
2020-08-21,1,0,0,89.4499999999986
2020-08-22,1,0,0,89.54999999999859
2020-08-24,1,0,0,89.64999999999858
2020-08-26,1,2,0,89.84999999999857
2020-08-27,0,1,0,89.89999999999857
2020-08-28,0,1,1,89.84999999999857
2020-09-02,0,1,1,89.79999999999858
2020-09-03,0,0,1,89.69999999999858
2020-09-04,1,2,0,89.89999999999857
2020-09-05,1,0,1,89.89999999999857
2020-09-08,1,0,0,89.99999999999856
2020-09-09,0,1,2,89.84999999999856
2020-09-10,2,0,0,90.04999999999856
2020-09-11,0,2,0,90.14999999999856
2020-09-12,1,0,0,90.24999999999855
2020-09-14,0,1,0,90.29999999999855
2020-09-15,1,1,0,90.44999999999854
2020-09-16,2,0,0,90.64999999999854
2020-09-17,0,2,0,90.74999999999854
2020-09-18,0,1,1,90.69999999999854
2020-09-19,1,0,0,90.79999999999853
2020-09-21,1,0,0,90.89999999999853
2020-09-22,0,1,1,90.84999999999853
2020-09-23,1,1,0,90.99999999999852
2020-09-24,0,2,2,90.89999999999851
2020-09-25,2,1,2,90.94999999999851
2020-09-26,2,1,0,91.19999999999851
2020-09-29,1,0,0,91.2999999999985
2020-09-30,1,1,0,91.4499999999985
2020-10-01,2,1,2,91.4999999999985
2020-10-02,1,0,1,91.4999999999985
2020-10-03,0,0,2,91.29999999999849
2020-10-05,0,0,1,91.1999999999985
2020-10-06,1,2,2,91.19999999999848
2020-10-07,1,1,2,91.14999999999847
2020-10-08,1,2,2,91.14999999999846
2020-10-09,0,0,1,91.04999999999846
2020-10-10,0,0,1,90.94999999999847
2020-10-15,3,0,0,91.24999999999847
2020-10-16,0,0,1,91.14999999999847
2020-10-17,1,2,0,91.34999999999846
2020-10-19,1,1,0,91.49999999999845
2020-10-20,0,3,1,91.54999999999846
2020-10-21,1,1,0,91.69999999999845
2020-10-23,3,0,0,91.99999999999845
2020-10-24,0,3,1,92.04999999999846
2020-10-26,1,1,0,92.19999999999845
2020-10-27,0,1,1,92.14999999999846
2020-10-28,3,1,3,92.19999999999845
2020-10-29,0,1,1,92.14999999999846
2020-10-30,1,1,1,92.19999999999845
2020-10-31,0,1,1,92.14999999999846
2020-11-03,0,0,1,92.04999999999846
2020-11-05,0,1,2,91.89999999999846
2020-11-06,0,1,1,91.84999999999846
2020-11-07,1,2,0,92.04999999999845
2020-11-09,0,1,0,92.09999999999845
2020-11-10,2,2,0,92.39999999999844
2020-11-12,1,0,1,92.39999999999844
2020-11-13,1,3,0,92.64999999999844
2020-11-17,1,0,0,92.74999999999844
2020-11-18,2,1,0,92.99999999999844
2020-11-19,0,1,2,92.84999999999843
2020-11-20,1,1,1,92.89999999999843
2020-11-21,3,0,0,93.19999999999843
2020-11-24,2,0,0,93.39999999999843
2020-11-25,0,1,2,93.24999999999842
2020-11-26,1,0,0,93.34999999999842
2020-11-27,1,0,0,93.44999999999841
2020-11-28,0,2,0,93.5499999999984
2020-11-30,0,0,1,93.44999999999841
2020-12-01,1,3,0,93.69999999999841
2020-12-02,2,1,1,93.84999999999842
2020-12-03,1,0,1,93.84999999999842
2020-12-04,1,1,0,93.99999999999841
2020-12-05,0,1,1,93.94999999999841
2020-12-08,1,2,0,94.1499999999984
2020-12-09,0,2,1,94.1499999999984
2020-12-10,0,1,2,93.9999999999984
2020-12-11,1,0,0,94.09999999999839
2020-12-12,0,2,2,93.99999999999838
2020-12-15,1,2,0,94.19999999999837
2020-12-16,0,0,1,94.09999999999837
2020-12-17,2,3,0,94.44999999999838
2020-12-18,0,1,2,94.29999999999838
2020-12-19,2,1,1,94.44999999999838
2020-12-21,0,1,0,94.49999999999838
2020-12-22,1,0,0,94.59999999999837
2020-12-26,3,1,0,94.94999999999837
2020-12-29,0,1,1,94.89999999999837
2020-12-30,2,0,1,94.99999999999838
2020-12-31,0,2,0,95.09999999999837
2021-01-05,1,0,0,95.19999999999837
2021-01-06,2,0,0,95.39999999999837
2021-01-07,0,2,0,95.49999999999837
2021-01-13,0,0,1,95.39999999999837
2021-01-14,1,0,1,95.39999999999837
2021-01-15,0,1,1,95.34999999999837
2021-01-16,0,0,1,95.24999999999838
2021-01-18,1,0,1,95.24999999999838
2021-01-19,0,2,3,95.04999999999838
2021-01-20,0,0,2,94.84999999999837
2021-01-21,0,5,3,94.79999999999838
2021-01-22,1,1,2,94.74999999999837
2021-01-23,0,1,1,94.69999999999837
2021-01-26,1,1,1,94.74999999999837
2021-01-27,1,1,1,94.79999999999836
2021-01-29,1,2,1,94.89999999999836
2021-01-30,1,0,2,94.79999999999835
2021-02-02,1,0,2,94.69999999999834
2021-02-03,1,0,1,94.69999999999834
2021-02-04,1,0,1,94.69999999999834
2021-02-05,1,1,1,94.74999999999834
2021-02-06,0,1,1,94.69999999999834
2021-02-08,0,1,0,94.74999999999834
2021-02-09,0,1,0,94.79999999999833
2021-02-10,1,0,1,94.79999999999833
2021-02-11,3,0,1,94.99999999999834
2021-02-12,0,1,1,94.94999999999834
2021-02-13,0,1,0,94.99999999999834
2021-02-16,0,0,3,94.69999999999834
2021-02-18,1,0,2,94.59999999999833
2021-02-19,1,0,0,94.69999999999833
2021-02-20,0,2,0,94.79999999999832
2021-02-22,0,1,0,94.84999999999832
2021-02-23,1,1,0,94.99999999999831
2021-02-25,2,3,0,95.34999999999832
2021-02-26,0,0,4,94.94999999999831
2021-02-27,2,1,0,95.19999999999831
2021-03-02,1,0,0,95.2999999999983
2021-03-03,1,0,0,95.3999999999983
2021-03-04,3,3,0,95.8499999999983
2021-03-05,1,1,0,95.9999999999983
2021-03-06,3,2,1,96.29999999999829
2021-03-08,0,1,0,96.34999999999829
2021-03-09,0,2,0,96.44999999999828
2021-03-10,0,2,1,96.44999999999828
2021-03-11,1,1,0,96.59999999999827
2021-03-12,0,2,1,96.59999999999827
2021-03-13,0,3,0,96.74999999999828
2021-03-16,1,1,0,96.89999999999827
2021-03-17,0,3,0,97.04999999999828
2021-03-18,1,0,2,96.94999999999827
2021-03-19,2,2,2,97.04999999999826
2021-03-20,0,0,1,96.94999999999827
2021-03-22,0,1,0,96.99999999999827
2021-03-23,1,0,0,97.09999999999826
2021-03-24,0,1,0,97.14999999999826
2021-03-25,3,0,1,97.34999999999826
2021-03-26,0,2,2,97.24999999999825
2021-03-27,1,0,0,97.34999999999825
2021-03-29,1,1,0,97.49999999999824
2021-03-31,2,0,1,97.59999999999825
2021-04-02,0,0,1,97.49999999999825
2021-04-03,0,0,1,97.39999999999826
2021-04-06,2,0,0,97.59999999999826
2021-04-07,3,1,1,97.84999999999826
2021-04-08,4,1,0,98.29999999999826
2021-04-09,0,1,0,98.34999999999826
2021-04-10,0,2,0,98.44999999999825
2021-04-13,1,0,1,98.44999999999825
2021-04-14,0,0,1,98.34999999999826
2021-04-15,0,2,0,98.44999999999825
2021-04-16,0,3,0,98.59999999999826
2021-04-17,0,1,1,98.54999999999826
2021-04-19,1,0,0,98.64999999999826
2021-04-20,0,1,0,98.69999999999825
2021-04-21,1,0,1,98.69999999999825
2021-04-22,1,1,1,98.74999999999825
2021-04-23,1,0,1,98.74999999999825
2021-04-24,0,2,0,98.84999999999825
2021-04-26,0,2,0,98.94999999999824
2021-04-27,0,1,0,98.99999999999824
2021-04-29,0,1,3,98.74999999999824
2021-04-30,1,3,1,98.89999999999824
2021-05-01,1,0,0,98.99999999999824
2021-05-04,0,0,2,98.79999999999824
2021-05-05,0,1,4,98.44999999999823
2021-05-06,0,1,1,98.39999999999823
2021-05-07,1,1,1,98.44999999999823
2021-05-08,0,0,1,98.34999999999823
2021-05-10,0,0,1,98.24999999999824
2021-05-11,0,1,1,98.19999999999824
2021-05-12,0,4,1,98.29999999999825
2021-05-13,1,3,2,98.34999999999825
2021-05-14,1,1,1,98.39999999999824
2021-05-15,0,1,2,98.24999999999824
2021-05-17,0,1,2,98.09999999999823
2021-05-18,2,1,0,98.34999999999823
2021-05-19,1,0,0,98.44999999999823
2021-05-20,3,1,0,98.79999999999822
2021-05-21,1,1,1,98.84999999999822
2021-05-22,0,0,1,98.74999999999822
2021-05-25,0,1,0,98.79999999999822
2021-05-26,0,1,1,98.74999999999822
2021-05-27,2,0,1,98.84999999999823
2021-05-28,1,3,0,99.09999999999823
2021-05-29,0,1,0,99.14999999999823
2021-05-31,1,0,0,99.24999999999822
2021-06-01,1,0,0,99.34999999999822
2021-06-02,2,0,1,99.44999999999823
2021-06-03,0,1,0,99.49999999999822
2021-06-04,0,2,1,99.49999999999822
2021-06-05,1,0,0,99.59999999999822
2021-06-07,0,0,2,99.39999999999822
2021-06-09,1,1,0,99.5499999999982
2021-06-10,3,1,3,99.5999999999982
2021-06-11,1,0,3,99.3999999999982
2021-06-12,1,0,1,99.3999999999982
2021-06-14,1,0,0,99.4999999999982
2021-06-15,0,0,2,99.29999999999819
2021-06-16,0,3,0,99.4499999999982
2021-06-17,0,1,0,99.4999999999982
2021-06-18,2,0,0,99.6999999999982
2021-06-19,1,0,0,99.79999999999819
2021-06-21,0,2,0,99.89999999999819
2021-06-22,1,0,0,99.99999999999818
2021-06-23,0,1,0,100.04999999999818
2021-06-24,1,3,3,99.99999999999818
2021-06-25,1,0,1,99.99999999999818
2021-06-26,0,2,0,100.09999999999818
2021-06-30,1,3,2,100.14999999999817
2021-07-02,1,1,0,100.29999999999816
2021-07-03,1,0,1,100.29999999999816
2021-07-06,0,2,1,100.29999999999816
2021-07-07,0,2,0,100.39999999999816
2021-07-08,1,1,0,100.54999999999815
2021-07-09,0,4,0,100.74999999999815
2021-07-10,1,1,0,100.89999999999814
2021-07-12,1,0,1,100.89999999999814
2021-07-13,1,1,0,101.04999999999814
2021-07-14,2,2,0,101.34999999999813
2021-07-15,0,2,0,101.44999999999813
2021-07-16,0,1,1,101.39999999999813
2021-07-17,0,2,1,101.39999999999813
2021-07-19,0,2,2,101.29999999999812
2021-07-20,2,1,0,101.54999999999812
2021-07-21,1,2,1,101.64999999999812
2021-07-22,0,0,2,101.44999999999811
2021-07-23,1,1,0,101.5999999999981
2021-07-26,0,1,0,101.6499999999981
2021-07-27,1,1,0,101.7999999999981
2021-07-28,1,1,2,101.74999999999808
2021-07-29,1,0,0,101.84999999999808
2021-07-30,2,0,0,102.04999999999808
2021-07-31,1,0,0,102.14999999999807
2021-08-03,1,0,0,102.24999999999807
2021-08-04,0,1,1,102.19999999999807
2021-08-05,0,1,0,102.24999999999807
2021-08-06,1,1,0,102.39999999999806
2021-08-07,0,0,1,102.29999999999806
2021-08-10,1,0,0,102.39999999999806
2021-08-11,1,2,1,102.49999999999805
2021-08-12,1,1,0,102.64999999999804
2021-08-13,0,1,0,102.69999999999804
2021-08-14,0,0,1,102.59999999999805
2021-08-16,1,0,0,102.69999999999804
2021-08-17,0,1,1,102.64999999999804
2021-08-20,0,1,0,102.69999999999804
2021-08-21,0,0,1,102.59999999999805
2021-08-24,0,1,0,102.64999999999804
2021-08-25,2,4,0,103.04999999999805
2021-08-26,1,0,1,103.04999999999805
2021-08-27,2,0,0,103.24999999999805
2021-08-28,2,2,0,103.54999999999805
2021-08-30,0,2,0,103.64999999999804
2021-08-31,2,0,0,103.84999999999805
2021-09-01,1,0,1,103.84999999999805
2021-09-03,1,0,1,103.84999999999805
2021-09-07,1,0,0,103.94999999999804
2021-09-11,0,1,0,103.99999999999804
2021-09-13,0,0,1,103.89999999999804
2021-09-14,0,0,1,103.79999999999805
2021-09-15,1,0,0,103.89999999999804
2021-09-21,1,1,0,104.04999999999804
2021-09-22,1,0,0,104.14999999999803
2021-09-23,0,1,0,104.19999999999803
2021-09-24,0,2,1,104.19999999999803
2021-09-25,0,1,1,104.14999999999803
2021-09-28,0,2,1,104.14999999999803
2021-09-29,1,0,0,104.24999999999802
2021-09-30,1,0,0,104.34999999999802
2021-10-01,0,2,0,104.44999999999801
2021-10-02,1,1,1,104.49999999999801
2021-10-05,0,2,1,104.49999999999801
2021-10-06,0,0,1,104.39999999999802
2021-10-07,1,1,0,104.54999999999801
2021-10-08,1,1,0,104.699999999998
2021-10-09,2,0,0,104.899999999998
2021-10-12,1,0,0,104.999999999998
2021-10-14,0,1,1,104.949999999998
2021-10-15,0,1,0,104.999999999998
2021-10-16,0,1,0,105.049999999998
2021-10-18,0,1,0,105.09999999999799
2021-10-20,0,2,1,105.09999999999799
2021-10-21,1,1,0,105.24999999999798
2021-10-22,2,2,1,105.44999999999798
2021-10-23,0,1,2,105.29999999999798
2021-10-26,0,2,0,105.39999999999797
2021-10-27,1,1,3,105.24999999999797
2021-10-28,0,5,1,105.39999999999797
2021-10-29,2,3,2,105.54999999999798
2021-10-30,2,4,0,105.94999999999798
2021-11-02,2,0,2,105.94999999999798
2021-11-03,1,1,0,106.09999999999798
2021-11-04,1,2,1,106.19999999999797
2021-11-05,2,2,1,106.39999999999797
2021-11-06,1,2,2,106.39999999999796
2021-11-09,1,0,1,106.39999999999796
2021-11-10,1,1,1,106.44999999999796
2021-11-12,0,2,0,106.54999999999795
2021-11-13,0,1,0,106.59999999999795
2021-11-15,1,1,0,106.74999999999794
2021-11-16,1,1,0,106.89999999999793
2021-11-17,1,0,1,106.89999999999793
2021-11-18,2,1,0,107.14999999999793
2021-11-19,2,0,0,107.34999999999793
2021-11-20,1,0,0,107.44999999999793
2021-11-23,0,2,1,107.44999999999793
2021-11-24,0,1,4,107.09999999999792
2021-11-26,1,1,2,107.04999999999791
2021-11-27,0,0,3,106.74999999999791
2021-11-30,1,0,0,106.8499999999979
2021-12-01,1,1,2,106.7999999999979
2021-12-03,2,1,0,107.0499999999979
2021-12-04,0,1,0,107.09999999999789
2021-12-08,3,0,0,107.39999999999789
2021-12-09,2,2,1,107.59999999999789
2021-12-10,2,0,0,107.7999999999979
2021-12-11,0,1,0,107.84999999999789
2021-12-15,1,1,1,107.89999999999789
2021-12-16,1,0,0,107.99999999999788
2021-12-17,1,0,0,108.09999999999788
2021-12-18,1,0,0,108.19999999999787
2021-12-27,0,1,0,108.24999999999787
2021-12-28,1,0,0,108.34999999999786
2021-12-29,0,2,0,108.44999999999786
2021-12-30,1,1,0,108.59999999999785
2021-12-31,0,1,0,108.64999999999785
2022-01-04,1,0,0,108.74999999999784
2022-01-05,0,1,0,108.79999999999784
2022-01-07,1,0,0,108.89999999999783
2022-01-08,1,0,0,108.99999999999783
2022-01-10,1,0,0,109.09999999999782
2022-01-13,1,0,1,109.09999999999782
2022-01-14,0,1,1,109.04999999999782
2022-01-15,0,2,0,109.14999999999782
2022-01-19,2,0,0,109.34999999999782
2022-01-21,1,1,0,109.49999999999781
2022-01-26,0,1,0,109.54999999999781
2022-01-27,0,1,0,109.5999999999978
2022-01-28,1,0,1,109.5999999999978
2022-01-29,1,0,0,109.6999999999978
2022-02-04,0,1,2,109.5499999999978
2022-02-07,0,0,1,109.4499999999978
2022-02-10,0,0,1,109.3499999999978
2022-02-12,0,1,0,109.3999999999978
2022-02-17,1,0,0,109.4999999999978
2022-02-18,1,1,0,109.64999999999779
2022-02-19,0,1,2,109.49999999999778
2022-02-23,1,0,1,109.49999999999778
2022-02-24,1,2,0,109.69999999999777
2022-02-25,3,1,0,110.04999999999777
2022-02-26,1,0,3,109.84999999999776
2022-02-28,1,1,0,109.99999999999775
2022-03-01,0,2,0,110.09999999999775
2022-03-02,0,1,0,110.14999999999775
2022-03-03,3,1,0,110.49999999999774
2022-03-04,1,4,1,110.69999999999774
2022-03-05,0,2,0,110.79999999999774
2022-03-08,1,0,2,110.69999999999773
2022-03-09,2,1,2,110.74999999999773
2022-03-10,3,1,0,111.09999999999772
2022-03-11,0,2,1,111.09999999999772
2022-03-12,0,2,2,110.99999999999771
2022-03-15,1,1,0,111.1499999999977
2022-03-16,1,0,0,111.2499999999977
2022-03-18,3,0,0,111.5499999999977
2022-03-19,2,0,0,111.7499999999977
2022-03-22,1,1,0,111.89999999999769
2022-03-23,0,0,1,111.7999999999977
2022-03-24,0,0,1,111.6999999999977
2022-03-25,2,1,1,111.8499999999977
2022-03-26,1,0,0,111.9499999999977
2022-03-28,0,1,0,111.9999999999977
2022-03-29,1,1,1,112.0499999999977
2022-03-30,3,1,3,112.09999999999769
2022-03-31,1,1,0,112.24999999999768
2022-04-01,0,1,0,112.29999999999768
2022-04-02,1,1,0,112.44999999999767
2022-04-04,0,1,0,112.49999999999767
2022-04-05,0,1,1,112.44999999999767
2022-04-06,1,1,0,112.59999999999766
2022-04-07,1,0,0,112.69999999999766
2022-04-08,0,1,0,112.74999999999766
2022-04-09,0,2,1,112.74999999999766
2022-04-12,2,0,1,112.84999999999766
2022-04-13,0,4,1,112.94999999999767
2022-04-15,1,1,0,113.09999999999766
2022-04-16,0,0,1,112.99999999999767
2022-04-20,1,0,0,113.09999999999766
2022-04-21,1,3,0,113.34999999999766
2022-04-22,0,1,0,113.39999999999766
2022-04-26,0,1,0,113.44999999999766
2022-04-27,3,0,1,113.64999999999766
2022-04-28,2,1,0,113.89999999999766
2022-04-29,0,0,1,113.79999999999767
2022-04-30,0,0,1,113.69999999999767
2022-05-02,0,1,0,113.74999999999767
2022-05-04,1,2,1,113.84999999999766
2022-05-06,1,1,1,113.89999999999766
2022-05-07,2,2,0,114.19999999999766
2022-05-09,0,1,0,114.24999999999766
2022-05-11,1,1,1,114.29999999999765
2022-05-13,0,0,1,114.19999999999766
2022-05-17,0,1,2,114.04999999999765
2022-05-18,1,1,0,114.19999999999764
2022-05-19,2,0,0,114.39999999999765
2022-05-20,2,1,0,114.64999999999765
2022-05-21,1,0,0,114.74999999999764
2022-05-26,0,2,1,114.74999999999764
2022-05-28,0,1,0,114.79999999999764
2022-05-31,1,1,0,114.94999999999763
2022-06-01,0,2,0,115.04999999999762
2022-06-03,1,0,0,115.14999999999762
2022-06-04,0,1,0,115.19999999999762
2022-06-06,0,1,0,115.24999999999761
2022-06-07,2,1,0,115.49999999999761
2022-06-08,1,1,0,115.6499999999976
2022-06-09,3,0,0,115.9499999999976
2022-06-14,1,0,0,116.0499999999976
2022-06-16,0,1,0,116.09999999999759
2022-06-18,1,1,0,116.24999999999758
2022-06-22,2,0,0,116.44999999999759
2022-06-23,2,0,0,116.64999999999759
2022-06-27,0,0,1,116.5499999999976
2022-06-28,0,1,1,116.4999999999976
2022-06-29,3,0,2,116.59999999999759
2022-06-30,2,0,0,116.7999999999976
2022-07-02,0,1,0,116.84999999999759
2022-07-05,1,0,1,116.84999999999759
2022-07-07,0,1,0,116.89999999999759
2022-07-08,0,1,0,116.94999999999759
2022-07-13,0,2,2,116.84999999999758
2022-07-14,0,1,1,116.79999999999758
2022-07-15,0,0,1,116.69999999999759
2022-07-16,1,1,0,116.84999999999758
2022-07-18,1,0,0,116.94999999999757
2022-07-19,1,0,1,116.94999999999757
2022-07-20,0,0,1,116.84999999999758
2022-07-21,2,1,3,116.79999999999758
2022-07-22,2,0,0,116.99999999999758
2022-07-23,0,4,0,117.19999999999759
2022-07-26,0,2,0,117.29999999999758
2022-07-28,0,0,1,117.19999999999759
2022-07-29,1,0,1,117.19999999999759
2022-07-30,1,1,0,117.34999999999758
2022-08-04,1,1,0,117.49999999999757
2022-08-05,0,0,3,117.19999999999757
2022-08-06,0,1,0,117.24999999999757
2022-08-11,1,1,0,117.39999999999756
2022-08-13,2,1,0,117.64999999999756
2022-08-17,1,2,0,117.84999999999755
2022-08-18,0,1,0,117.89999999999755
2022-08-19,0,0,1,117.79999999999755
2022-08-20,1,1,0,117.94999999999754
2022-08-23,1,1,0,118.09999999999754
2022-08-24,1,0,1,118.09999999999754
2022-08-25,0,1,0,118.14999999999753
2022-08-27,0,0,1,118.04999999999754
2022-08-30,0,2,1,118.04999999999754
2022-09-01,2,0,0,118.24999999999754
2022-09-02,0,0,1,118.14999999999755
2022-09-03,0,1,1,118.09999999999755
2022-09-07,1,1,0,118.24999999999754
2022-09-08,1,1,0,118.39999999999753
2022-09-09,1,1,1,118.44999999999753
2022-09-10,0,1,0,118.49999999999753
2022-09-15,0,0,1,118.39999999999753
2022-09-16,0,1,1,118.34999999999754
2022-09-17,0,1,0,118.39999999999753
2022-09-19,0,0,1,118.29999999999754
2022-09-20,0,1,0,118.34999999999754
2022-09-22,2,0,0,118.54999999999754
2022-09-23,1,0,2,118.44999999999753
2022-09-24,1,0,1,118.44999999999753
2022-09-28,0,1,1,118.39999999999753
2022-09-29,2,0,1,118.49999999999754
2022-09-30,0,1,1,118.44999999999754
2022-10-04,1,1,0,118.59999999999754
2022-10-05,0,2,0,118.69999999999753
2022-10-07,1,0,1,118.69999999999753
2022-10-08,0,2,0,118.79999999999752
2022-10-12,0,1,0,118.84999999999752
2022-10-13,1,0,1,118.84999999999752
2022-10-14,0,0,1,118.74999999999753
2022-10-15,0,1,0,118.79999999999752
2022-10-17,1,0,0,118.89999999999752
2022-10-18,0,1,0,118.94999999999752
2022-10-19,1,0,0,119.04999999999751
2022-10-20,2,0,0,119.24999999999751
2022-10-21,0,2,0,119.34999999999751
2022-10-22,0,1,0,119.3999999999975
2022-10-25,0,1,1,119.34999999999751
2022-10-28,0,1,2,119.1999999999975
2022-10-29,1,1,0,119.3499999999975
2022-11-01,0,0,1,119.2499999999975
2022-11-03,0,1,0,119.2999999999975
2022-11-04,0,2,1,119.2999999999975
2022-11-05,2,0,0,119.4999999999975
2022-11-07,0,1,0,119.5499999999975
2022-11-08,0,2,0,119.64999999999749
2022-11-09,1,0,2,119.54999999999748
2022-11-10,0,3,0,119.69999999999749
2022-11-12,1,0,0,119.79999999999748
2022-11-15,1,0,0,119.89999999999748
2022-11-19,0,1,2,119.74999999999747
2022-11-21,0,1,1,119.69999999999747
2022-11-23,1,0,0,119.79999999999747
2022-11-24,2,0,0,119.99999999999747
2022-11-25,1,0,0,120.09999999999746
2022-11-29,1,0,0,120.19999999999746
2022-11-30,0,0,1,120.09999999999746
2022-12-01,1,0,0,120.19999999999746
2022-12-05,0,2,0,120.29999999999745
2022-12-07,2,0,0,120.49999999999746
2022-12-08,0,1,0,120.54999999999745
2022-12-09,1,0,1,120.54999999999745
2022-12-10,0,1,0,120.59999999999745
2022-12-14,1,1,0,120.74999999999744
2022-12-15,0,0,1,120.64999999999745
2022-12-16,1,0,0,120.74999999999744
2022-12-20,1,0,0,120.84999999999744
2022-12-21,0,1,0,120.89999999999743
2022-12-22,0,1,0,120.94999999999743
2022-12-31,0,1,0,120.99999999999743
2023-01-04,0,1,0,121.04999999999742
2023-01-06,1,0,1,121.04999999999742
2023-01-09,0,1,0,121.09999999999742
2023-01-10,0,1,0,121.14999999999742
2023-01-11,1,0,1,121.14999999999742
2023-01-12,1,1,0,121.29999999999741
2023-01-14,1,1,1,121.34999999999741
2023-01-17,0,1,0,121.3999999999974
2023-01-18,1,0,0,121.4999999999974
2023-01-19,2,2,0,121.7999999999974
2023-01-21,2,0,0,121.9999999999974
2023-01-24,0,1,0,122.0499999999974
2023-01-25,1,0,0,122.14999999999739
2023-01-26,0,0,1,122.0499999999974
2023-01-27,1,2,0,122.24999999999739
2023-01-28,0,3,0,122.39999999999739
2023-01-31,0,2,1,122.39999999999739
2023-02-01,1,0,1,122.39999999999739
2023-02-02,1,0,1,122.39999999999739
2023-02-03,0,1,0,122.44999999999739
2023-02-04,1,0,0,122.54999999999738
2023-02-07,1,0,0,122.64999999999738
2023-02-08,1,0,0,122.74999999999737
2023-02-09,0,1,0,122.79999999999737
2023-02-10,0,2,0,122.89999999999736
2023-02-11,1,0,0,122.99999999999736
2023-02-14,0,0,1,122.89999999999736
2023-02-15,0,0,1,122.79999999999737
2023-02-17,1,1,1,122.84999999999737
2023-02-18,1,0,0,122.94999999999736
2023-02-21,0,1,1,122.89999999999736
2023-02-22,0,1,0,122.94999999999736
2023-02-23,0,1,0,122.99999999999736
2023-02-25,0,1,0,123.04999999999735
2023-02-28,2,1,0,123.29999999999735
2023-03-02,2,0,0,123.49999999999736
2023-03-04,1,1,1,123.54999999999735
2023-03-06,0,1,0,123.59999999999735
2023-03-07,0,0,2,123.39999999999735
2023-03-08,1,2,0,123.59999999999734
2023-03-09,0,1,1,123.54999999999734
2023-03-10,0,0,1,123.44999999999735
2023-03-11,0,1,0,123.49999999999734
2023-03-14,0,1,0,123.54999999999734
2023-03-15,1,1,0,123.69999999999733
2023-03-16,0,0,1,123.59999999999734
2023-03-17,0,1,0,123.64999999999733
2023-03-18,2,0,0,123.84999999999734
2023-03-21,0,0,2,123.64999999999733
2023-03-23,0,1,0,123.69999999999733
2023-03-24,0,1,0,123.74999999999733
2023-03-28,0,0,2,123.54999999999733
2023-03-29,2,0,0,123.74999999999733
2023-03-31,0,0,1,123.64999999999733
2023-04-04,2,0,0,123.84999999999734
2023-04-05,0,1,0,123.89999999999733
2023-04-08,1,1,0,124.04999999999733
2023-04-11,1,0,0,124.14999999999732
2023-04-12,0,1,0,124.19999999999732
2023-04-14,0,0,1,124.09999999999732
2023-04-15,0,4,0,124.29999999999733
2023-04-18,0,1,0,124.34999999999732
2023-04-20,0,1,0,124.39999999999732
2023-04-21,0,1,0,124.44999999999732
2023-04-22,0,2,2,124.34999999999731
2023-04-25,1,0,1,124.34999999999731
2023-04-27,0,1,0,124.3999999999973
2023-04-28,1,1,1,124.4499999999973
2023-04-29,1,1,0,124.5999999999973
2023-05-02,1,0,0,124.69999999999729
2023-05-03,0,1,0,124.74999999999729
2023-05-05,0,1,0,124.79999999999728
2023-05-06,1,0,0,124.89999999999728
2023-05-09,0,0,2,124.69999999999727
2023-05-10,0,1,0,124.74999999999727
2023-05-11,0,1,0,124.79999999999727
2023-05-12,0,0,1,124.69999999999727
2023-05-13,0,1,1,124.64999999999728
2023-05-15,0,0,1,124.54999999999728
2023-05-17,1,0,0,124.64999999999728
2023-05-20,2,1,1,124.79999999999728
2023-05-23,0,0,1,124.69999999999729
2023-05-24,0,2,0,124.79999999999728
2023-05-25,1,0,0,124.89999999999728
2023-05-26,0,1,0,124.94999999999727
2023-05-27,0,1,0,124.99999999999727
2023-05-30,2,0,0,125.19999999999727
2023-05-31,1,0,1,125.19999999999727
2023-06-01,2,2,0,125.49999999999727
2023-06-08,1,0,0,125.59999999999727
2023-06-09,1,1,0,125.74999999999726
2023-06-10,1,1,0,125.89999999999725
2023-06-13,2,1,0,126.14999999999725
2023-06-14,1,1,0,126.29999999999724
2023-06-15,1,1,0,126.44999999999723
2023-06-16,0,1,1,126.39999999999723
2023-06-20,1,1,1,126.44999999999723
2023-06-21,0,1,1,126.39999999999723
2023-06-22,2,0,0,126.59999999999724
2023-06-23,0,1,0,126.64999999999723
2023-06-24,0,1,0,126.69999999999723
2023-06-27,0,1,1,126.64999999999723
2023-06-29,0,1,1,126.59999999999724
2023-06-30,2,0,0,126.79999999999724
2023-07-01,0,0,1,126.69999999999725
2023-07-05,0,2,0,126.79999999999724
2023-07-06,1,1,0,126.94999999999723
2023-07-08,0,2,0,127.04999999999723
2023-07-11,0,1,0,127.09999999999722
2023-07-12,0,1,0,127.14999999999722
2023-07-13,1,0,0,127.24999999999721
2023-07-14,0,1,0,127.29999999999721
2023-07-15,0,1,0,127.34999999999721
2023-07-18,0,3,0,127.49999999999721
2023-07-19,1,0,0,127.59999999999721
2023-07-20,1,0,0,127.6999999999972
2023-07-21,0,2,0,127.7999999999972
2023-07-22,0,0,1,127.6999999999972
2023-07-25,1,0,0,127.7999999999972
2023-07-26,1,0,0,127.89999999999719
2023-07-28,0,1,1,127.8499999999972
2023-07-29,0,1,0,127.89999999999719
2023-08-01,0,0,1,127.7999999999972
2023-08-02,1,1,0,127.94999999999719
2023-08-03,0,1,1,127.89999999999719
2023-08-05,0,0,2,127.69999999999719
2023-08-08,1,0,0,127.79999999999718
2023-08-10,1,2,1,127.89999999999718
2023-08-11,2,1,2,127.94999999999717
2023-08-12,0,1,0,127.99999999999717
2023-08-15,0,0,2,127.79999999999717
2023-08-16,2,0,0,127.99999999999717
2023-08-19,0,1,1,127.94999999999717
2023-08-22,1,1,0,128.09999999999718
2023-08-25,0,0,1,127.99999999999719
2023-08-26,1,0,0,128.09999999999718
2023-08-29,1,2,0,128.29999999999717
2023-08-31,0,1,1,128.2499999999972
2023-09-01,1,0,0,128.34999999999718
2023-09-02,0,1,1,128.2999999999972
2023-09-05,1,1,0,128.4499999999972
2023-09-07,1,0,0,128.5499999999972
2023-09-08,0,0,2,128.3499999999972
2023-09-12,2,0,0,128.5499999999972
2023-09-13,1,2,0,128.7499999999972
2023-09-14,0,1,0,128.7999999999972
2023-09-15,0,1,0,128.8499999999972
2023-09-16,0,2,2,128.74999999999721
2023-09-18,0,1,0,128.79999999999723
2023-09-19,0,1,1,128.74999999999724
2023-09-20,0,2,0,128.84999999999724
2023-09-21,0,2,1,128.84999999999724
2023-09-22,0,2,0,128.94999999999723
2023-09-23,0,1,0,128.99999999999724
2023-09-25,0,0,1,128.89999999999725
2023-09-27,0,1,0,128.94999999999726
2023-09-29,0,1,0,128.99999999999727
2023-09-30,0,1,0,129.04999999999728
2023-10-02,0,0,1,128.9499999999973
2023-10-04,1,0,0,129.04999999999728
2023-10-05,0,1,0,129.0999999999973
2023-10-06,0,1,1,129.0499999999973
2023-10-07,0,1,0,129.09999999999732
2023-10-11,1,0,0,129.19999999999732
2023-10-14,0,2,0,129.2999999999973
2023-10-17,0,1,1,129.24999999999733
2023-10-18,1,0,0,129.34999999999732
2023-10-20,0,1,1,129.29999999999734
2023-10-21,0,1,1,129.24999999999736
2023-10-25,0,1,0,129.29999999999737
2023-10-26,1,0,0,129.39999999999736
2023-10-27,2,0,1,129.49999999999736
2023-10-28,1,0,0,129.59999999999735
2023-10-30,0,1,0,129.64999999999736
2023-10-31,0,1,2,129.49999999999739
2023-11-01,0,1,0,129.5499999999974
2023-11-02,1,0,2,129.4499999999974
2023-11-03,0,1,0,129.4999999999974
2023-11-04,1,0,0,129.5999999999974
2023-11-07,0,1,1,129.54999999999742
2023-11-09,0,1,0,129.59999999999744
2023-11-14,0,1,0,129.64999999999745
2023-11-15,0,0,1,129.54999999999745
2023-11-17,0,0,1,129.44999999999746
2023-11-18,1,0,0,129.54999999999745
2023-11-22,1,0,0,129.64999999999745
2023-11-25,0,2,1,129.64999999999745
2023-11-27,0,0,1,129.54999999999745
2023-11-28,1,1,0,129.69999999999746
2023-11-29,1,3,1,129.84999999999746
2023-11-30,0,1,1,129.79999999999748
2023-12-01,0,0,1,129.6999999999975
2023-12-02,1,0,2,129.5999999999975
2023-12-05,1,1,1,129.6499999999975
2023-12-08,1,1,1,129.69999999999752
2023-12-12,0,1,1,129.64999999999753
2023-12-13,1,0,1,129.64999999999753
2023-12-14,2,0,1,129.74999999999753
2023-12-15,1,1,2,129.69999999999754
2023-12-18,1,1,0,129.84999999999755
2023-12-19,0,1,1,129.79999999999757
2023-12-20,0,1,0,129.84999999999758
2023-12-22,0,0,1,129.74999999999758
2023-12-23,0,1,1,129.6999999999976
2023-12-26,0,2,0,129.7999999999976
2023-12-29,0,1,0,129.8499999999976
2023-12-30,0,1,0,129.89999999999762
2024-01-02,0,1,0,129.94999999999763
2024-01-05,0,1,0,129.99999999999764
2024-01-06,1,1,0,130.14999999999765
2024-01-11,1,0,0,130.24999999999764
2024-01-13,1,0,0,130.34999999999764
2024-01-16,0,0,1,130.24999999999764
2024-01-17,2,0,0,130.44999999999763
2024-01-18,1,0,0,130.54999999999762
2024-01-20,1,0,0,130.64999999999762
2024-01-23,1,1,0,130.79999999999762
2024-01-25,0,1,0,130.84999999999764
2024-01-26,1,0,0,130.94999999999763
2024-01-27,1,1,0,131.09999999999764
2024-01-29,0,1,0,131.14999999999765
2024-01-31,1,0,1,131.14999999999765
2024-02-01,0,1,0,131.19999999999766
2024-02-02,0,0,1,131.09999999999766
2024-02-03,0,0,1,130.99999999999767
2024-02-05,0,1,0,131.04999999999768
2024-02-07,0,1,0,131.0999999999977
2024-02-08,0,0,1,130.9999999999977
2024-02-09,1,0,0,131.0999999999977
2024-02-13,0,2,0,131.1999999999977
2024-02-14,0,0,1,131.0999999999977
2024-02-16,1,0,0,131.1999999999977
2024-02-17,2,0,1,131.29999999999768
2024-02-22,0,1,0,131.3499999999977
2024-02-28,2,1,0,131.5999999999977
2024-02-29,0,2,0,131.6999999999977
2024-03-01,0,1,1,131.6499999999977
2024-03-02,1,0,0,131.7499999999977
2024-03-05,0,0,2,131.5499999999977
2024-03-06,0,0,1,131.44999999999771
2024-03-07,1,0,1,131.44999999999771
2024-03-08,0,1,0,131.49999999999773
2024-03-09,0,3,0,131.64999999999773
2024-03-12,1,0,0,131.74999999999773
2024-03-14,0,1,0,131.79999999999774
2024-03-15,1,1,0,131.94999999999774
2024-03-16,0,1,0,131.99999999999775
2024-03-20,0,2,0,132.09999999999775
2024-03-22,3,0,0,132.39999999999776
2024-03-23,1,0,0,132.49999999999775
2024-03-27,0,2,0,132.59999999999775
2024-03-28,0,0,1,132.49999999999775
2024-03-30,1,1,1,132.54999999999777
2024-04-03,0,0,1,132.44999999999777
2024-04-04,1,0,0,132.54999999999777
2024-04-06,0,0,1,132.44999999999777
2024-04-08,0,0,1,132.34999999999778
2024-04-09,0,0,1,132.24999999999778
2024-04-10,0,0,1,132.1499999999978
2024-04-12,0,1,0,132.1999999999978
2024-04-13,0,0,1,132.0999999999978
2024-04-16,0,0,2,131.89999999999782
2024-04-18,0,1,1,131.84999999999783
2024-04-20,0,1,1,131.79999999999785
2024-04-23,0,0,1,131.69999999999786
2024-04-24,1,0,1,131.69999999999786
2024-04-25,0,0,1,131.59999999999786
2024-04-26,0,1,0,131.64999999999787
2024-04-27,2,0,0,131.84999999999786
2024-05-02,0,1,1,131.79999999999788
2024-05-04,1,0,1,131.79999999999788
2024-05-06,1,0,0,131.89999999999787
2024-05-08,1,1,0,132.04999999999788
2024-05-09,2,0,0,132.24999999999787
2024-05-10,1,0,0,132.34999999999786
2024-05-14,1,0,0,132.44999999999786
2024-05-18,1,0,1,132.44999999999786
2024-05-22,1,0,0,132.54999999999785
2024-05-23,0,2,0,132.64999999999785
2024-05-28,1,0,0,132.74999999999784
2024-05-30,0,1,0,132.79999999999785
2024-05-31,0,0,1,132.69999999999786
2024-06-01,0,1,0,132.74999999999787
2024-06-05,0,1,0,132.79999999999788
2024-06-06,0,1,0,132.8499999999979
2024-06-07,0,1,0,132.8999999999979
2024-06-08,0,1,0,132.9499999999979
2024-06-11,1,0,0,133.0499999999979
2024-06-12,1,1,1,133.09999999999792
2024-06-13,0,3,0,133.24999999999793
2024-06-14,1,0,0,133.34999999999792
2024-06-19,0,0,1,133.24999999999793
2024-06-21,0,0,1,133.14999999999793
2024-06-22,0,1,0,133.19999999999794
2024-06-27,0,1,0,133.24999999999795
2024-07-04,1,1,0,133.39999999999796
2024-07-06,0,1,1,133.34999999999798
2024-07-09,1,0,0,133.44999999999797
2024-07-10,0,0,1,133.34999999999798
2024-07-11,1,0,0,133.44999999999797
2024-07-13,1,1,2,133.399999999998
2024-07-18,0,0,1,133.299999999998
2024-07-19,0,1,1,133.249999999998
2024-07-23,0,1,1,133.19999999999803
2024-07-24,0,0,1,133.09999999999803
2024-07-25,2,0,0,133.29999999999802
2024-07-27,0,1,1,133.24999999999804
2024-07-30,0,1,0,133.29999999999805
2024-08-01,1,0,0,133.39999999999804
2024-08-02,1,1,0,133.54999999999805
2024-08-03,1,1,0,133.69999999999806
2024-08-07,0,1,0,133.74999999999807
2024-08-08,0,0,2,133.54999999999808
2024-08-09,0,1,0,133.5999999999981
2024-08-10,1,0,0,133.69999999999808
2024-08-13,1,0,0,133.79999999999808
2024-08-17,0,1,0,133.8499999999981
2024-08-20,0,1,1,133.7999999999981
2024-08-22,1,0,0,133.8999999999981
2024-08-27,0,1,0,133.9499999999981
2024-08-31,0,0,1,133.84999999999812
2024-09-03,1,0,0,133.9499999999981
2024-09-04,0,1,0,133.99999999999812
2024-09-06,1,0,0,134.09999999999812
2024-09-10,0,0,1,133.99999999999812
2024-09-11,1,0,0,134.09999999999812
2024-09-12,0,0,1,133.99999999999812
2024-09-13,1,0,0,134.09999999999812
2024-09-14,0,1,0,134.14999999999813
2024-09-17,1,0,0,134.24999999999812
2024-09-18,0,1,0,134.29999999999814
2024-09-20,0,1,0,134.34999999999815
2024-09-24,0,1,0,134.39999999999816
2024-09-26,0,1,0,134.44999999999817
2024-09-27,0,1,1,134.3999999999982
2024-09-28,3,0,1,134.5999999999982
2024-10-01,1,0,0,134.6999999999982
2024-10-02,1,0,1,134.6999999999982
2024-10-03,0,1,1,134.64999999999822
2024-10-05,0,1,0,134.69999999999823
2024-10-08,2,0,0,134.89999999999822
2024-10-09,0,1,0,134.94999999999823
2024-10-11,1,0,0,135.04999999999822
2024-10-12,1,1,0,135.19999999999823
2024-10-15,0,0,1,135.09999999999823
2024-10-16,0,1,0,135.14999999999824
2024-10-17,0,0,1,135.04999999999825
2024-10-18,1,0,0,135.14999999999824
2024-10-19,0,0,1,135.04999999999825
2024-10-23,1,0,0,135.14999999999824
2024-10-25,2,0,0,135.34999999999823
2024-10-26,0,0,2,135.14999999999824
2024-10-29,1,0,0,135.24999999999824
2024-10-30,2,0,1,135.34999999999823
2024-11-01,1,0,1,135.34999999999823
2024-11-02,1,2,0,135.54999999999822
2024-11-04,0,1,0,135.59999999999823
2024-11-05,0,0,1,135.49999999999824
2024-11-06,0,1,0,135.54999999999825
2024-11-07,1,0,1,135.54999999999825
2024-11-09,0,0,1,135.44999999999825
2024-11-13,0,1,0,135.49999999999827
2024-11-14,0,1,0,135.54999999999828
2024-11-16,0,1,0,135.5999999999983
2024-11-20,0,2,0,135.69999999999828
2024-11-22,0,0,1,135.5999999999983
2024-11-23,1,2,1,135.69999999999828
2024-11-26,1,2,0,135.89999999999827
2024-11-27,0,2,2,135.79999999999828
2024-11-28,1,2,0,135.99999999999827
2024-11-29,1,0,1,135.99999999999827
2024-11-30,1,0,0,136.09999999999826
2024-12-03,0,2,1,136.09999999999826
2024-12-05,1,1,1,136.14999999999827
2024-12-06,0,0,1,136.04999999999828
2024-12-07,0,1,2,135.8999999999983
2024-12-10,0,1,0,135.9499999999983
2024-12-11,0,1,0,135.99999999999832
2024-12-13,1,1,0,136.14999999999833
2024-12-14,0,2,0,136.24999999999832
2024-12-17,0,1,0,136.29999999999833
2024-12-18,0,1,0,136.34999999999835
2024-12-19,1,0,0,136.44999999999834
2024-12-23,0,0,1,136.34999999999835
2024-12-24,1,0,0,136.44999999999834
2024-12-26,0,1,0,136.49999999999835
